city_name,city_id,lat,lng
Cedarburg,1,43.2774166289519,-88.0995292097171
Cedarburg,2,43.2774053056714,-88.099638930039
Cedarburg,3,43.2995667579394,-88.1095514893014
Cedarburg,4,43.2995744000216,-88.1094429783784
Cedarburg,5,43.2948905185285,-88.110551029588
Cedarburg,6,43.2799673440894,-88.099582104102
Cedarburg,7,43.2799651771942,-88.0997198731874
Cedarburg,8,43.2868537590618,-88.0919783997325
Cedarburg,9,43.2961080300788,-88.0960419422111
Cedarburg,10,43.2957322963964,-88.0960377661345
Cedarburg,11,43.2933955394987,-88.1025784483826
Cedarburg,12,43.293448911339,-88.1026663929556
Cedarburg,13,43.2967000776945,-88.0965703695344
Cedarburg,14,43.278192765375,-88.1068849812962
Cedarburg,15,43.2941265828895,-88.1040897361103
Cedarburg,16,43.2782054515224,-88.1070653790958
Cedarburg,17,43.3101160107587,-88.089519169969
Cedarburg,18,43.3096110941524,-88.0922853497675
Cedarburg,19,43.3096277156023,-88.0921299354856
Cedarburg,20,43.3096869513677,-88.0916505298664
Cedarburg,21,43.3097571313366,-88.0917219271042
Cedarburg,22,43.3101070507598,-88.0906932276757
Cedarburg,23,43.3100243876635,-88.090651418373
Cedarburg,24,43.3015315290784,-88.1097089800106
Cedarburg,25,43.293593610977,-88.1098953781752
Cedarburg,26,43.2935907971038,-88.1097830027711
Cedarburg,27,43.2930539550813,-88.1098981197432
Cedarburg,28,43.2930537129644,-88.1097859798553
Cedarburg,29,43.2923793744632,-88.109915449678
Cedarburg,30,43.2923787879269,-88.1097766872834
Cedarburg,31,43.2924820207714,-88.1099148989758
Cedarburg,32,43.2924810495244,-88.1097787860942
Cedarburg,33,43.2923884532294,-88.109963872479
Cedarburg,34,43.2924700369984,-88.1099697366208
Cedarburg,35,43.2914171961672,-88.1098372468702
Cedarburg,36,43.2914216202211,-88.1099495313315
Cedarburg,37,43.2918973132118,-88.1098137942327
Cedarburg,38,43.2919068229748,-88.1099261559812
Cedarburg,39,43.3014034360295,-88.1118476990188
Cedarburg,40,43.3015547091938,-88.1117565751852
Cedarburg,41,43.3015590251966,-88.1118731854791
Cedarburg,42,43.302201654177,-88.1116999065007
Cedarburg,43,43.3021945199003,-88.1119529069667
Cedarburg,44,43.2800037227389,-88.1043014010815
Cedarburg,45,43.2800032840499,-88.1041932310622
Cedarburg,46,43.2791678226427,-88.1042638677625
Cedarburg,47,43.2791635805763,-88.1043281979835
Cedarburg,48,43.2792178540722,-88.1043781056612
Cedarburg,49,43.2793369454729,-88.1043060589788
Cedarburg,50,43.279224775857,-88.1042870571264
Cedarburg,51,43.3029117202618,-88.1257065319977
Cedarburg,52,43.3029104457627,-88.1258213745283
Cedarburg,53,43.3054431604411,-88.1300966825325
Cedarburg,54,43.3055264243516,-88.1301080946479
Cedarburg,55,43.3055288356983,-88.1289245483135
Cedarburg,56,43.3056121006652,-88.1289359612799
Cedarburg,57,43.3053844772565,-88.1277103591165
Cedarburg,58,43.3056579232174,-88.1277104216156
Cedarburg,59,43.305575722736,-88.127731873298
Cedarburg,60,43.3053051802494,-88.127746954847
Cedarburg,61,43.3050989987948,-88.1261818302389
Cedarburg,62,43.3051826704655,-88.126183439095
Cedarburg,63,43.3056108189869,-88.1232424664574
Cedarburg,64,43.3058042175396,-88.123246565991
Cedarburg,65,43.3056975189458,-88.1242962814572
Cedarburg,66,43.3057795773415,-88.1242483988531
Cedarburg,67,43.3058487529596,-88.124006029227
Cedarburg,68,43.3058514571653,-88.1241218126527
Cedarburg,69,43.305280039484,-88.1240687379286
Cedarburg,70,43.3052789998584,-88.1241833127065
Cedarburg,71,43.3044019134489,-88.1240537715601
Cedarburg,72,43.3043735034822,-88.1241679067311
Cedarburg,73,43.3038570737619,-88.124167708735
Cedarburg,74,43.3038136109409,-88.1240640002504
Cedarburg,75,43.3036051148455,-88.1242592403312
Cedarburg,76,43.3035971505743,-88.1242745583268
Cedarburg,77,43.3036741710588,-88.1243241161337
Cedarburg,78,43.3036661745628,-88.124339336503
Cedarburg,79,43.3035754422875,-88.1249891797618
Cedarburg,80,43.3036590549859,-88.1249846159147
Cedarburg,81,43.3037291082133,-88.1258265219893
Cedarburg,82,43.3037306931923,-88.125941422312
Cedarburg,83,43.3036505854246,-88.1260593255767
Cedarburg,84,43.303566919215,-88.1260569536347
Cedarburg,85,43.3035627874023,-88.1265114131103
Cedarburg,86,43.3036464596546,-88.1265128374348
Cedarburg,87,43.3052022246157,-88.1270845904048
Cedarburg,88,43.3052046742724,-88.1271030759757
Cedarburg,89,43.3052845610389,-88.1270641324249
Cedarburg,90,43.3052870097586,-88.1270826155831
Cedarburg,91,43.3053673727299,-88.1271124542672
Cedarburg,92,43.3053749007572,-88.1271281576977
Cedarburg,93,43.3054184091741,-88.1270101180731
Cedarburg,94,43.3054259381155,-88.1270258214764
Cedarburg,95,43.3040302320706,-88.1275372692886
Cedarburg,96,43.3040445742357,-88.1275692929791
Cedarburg,97,43.3039918533879,-88.1276631024702
Cedarburg,98,43.3039775907117,-88.1276365292289
Cedarburg,99,43.3042073351876,-88.128399531929
Cedarburg,100,43.3041236692482,-88.1283974994774
Cedarburg,101,43.3028450531148,-88.1313328518934
Cedarburg,102,43.3028724859418,-88.1313334255176
Cedarburg,103,43.3028437747194,-88.1314474167411
Cedarburg,104,43.302871208466,-88.1314479916214
Cedarburg,105,43.3037035946021,-88.1306162800436
Cedarburg,106,43.3037853385451,-88.1306478160431
Cedarburg,107,43.303621646731,-88.1311946521805
Cedarburg,108,43.3037053151075,-88.1311963998955
Cedarburg,109,43.3037894139357,-88.1314672085305
Cedarburg,110,43.303790688751,-88.1313526420154
Cedarburg,111,43.3047267978073,-88.1315910217067
Cedarburg,112,43.3047236452695,-88.131705521818
Cedarburg,113,43.3053884872656,-88.1313861784188
Cedarburg,114,43.3052902535131,-88.1312524777852
Cedarburg,115,43.2870069015978,-88.0969982938759
Cedarburg,116,43.2870264901632,-88.0970718030015
Cedarburg,117,43.2870396102748,-88.0970674146331
Cedarburg,118,43.287035810733,-88.0971731845312
Cedarburg,119,43.286919086029,-88.0972840638012
Cedarburg,120,43.2870106126439,-88.0972490785441
Cedarburg,121,43.2871213228538,-88.0982375738351
Cedarburg,122,43.2872112991589,-88.0982284164242
Cedarburg,123,43.3134803615046,-88.1053965118222
Cedarburg,124,43.3135451074336,-88.1054345086449
Cedarburg,125,43.3136060815196,-88.1074830921711
Cedarburg,126,43.3135207424284,-88.1074733719241
Cedarburg,127,43.3135257691898,-88.1069977672034
Cedarburg,128,43.3135640149641,-88.1065862973136
Cedarburg,129,43.2965167643808,-88.1089401574585
Cedarburg,130,43.2981464934151,-88.1099750317959
Cedarburg,131,43.2982260029088,-88.109979008211
Cedarburg,132,43.2810148228197,-88.1208049721512
Cedarburg,133,43.2810379496305,-88.1197427379666
Cedarburg,134,43.2810581707176,-88.1188032494302
Cedarburg,135,43.2810865503642,-88.1170781685956
Cedarburg,136,43.2811092352816,-88.1156146056854
Cedarburg,137,43.2811541559552,-88.1137003749474
Cedarburg,138,43.2806275149094,-88.1042184524966
Cedarburg,139,43.2823392578288,-88.0959766303772
Cedarburg,140,43.2820414471785,-88.0949874789053
Cedarburg,141,43.2786184286859,-88.1068302914616
Cedarburg,142,43.2786270530109,-88.1070176216962
Cedarburg,143,43.2797559576453,-88.1070025747081
Cedarburg,144,43.2799701886214,-88.1066817559237
Cedarburg,145,43.2799647903765,-88.1068787884761
Cedarburg,146,43.2798128398478,-88.1069973580781
Cedarburg,147,43.2805145835691,-88.1066247771759
Cedarburg,148,43.2813692644038,-88.1031812643026
Cedarburg,149,43.279364062327,-88.106941200642
Cedarburg,150,43.2812031440115,-88.1107312230027
Cedarburg,151,43.2811827646958,-88.1117461815476
Cedarburg,152,43.2806182151402,-88.1043271151677
Cedarburg,153,43.2806769330968,-88.1068041176929
Cedarburg,154,43.2812989591173,-88.1067457031791
Cedarburg,155,43.2813078670369,-88.1054591852155
Cedarburg,156,43.2812228928682,-88.1097208749577
Cedarburg,157,43.2830280881301,-88.0948644357935
Cedarburg,158,43.2825757221092,-88.095880714316
Cedarburg,159,43.2832178462818,-88.0969114503054
Cedarburg,160,43.2833130606758,-88.0969152915981
Cedarburg,161,43.2846381975788,-88.0972545082145
Cedarburg,162,43.2847019196649,-88.0974341555671
Cedarburg,163,43.286080259703,-88.0984080699828
Cedarburg,164,43.2860949586778,-88.0986126356463
Cedarburg,165,43.2869726690239,-88.0989111806922
Cedarburg,166,43.2840321661422,-88.1063795523569
Cedarburg,167,43.2840362008981,-88.1061431918545
Cedarburg,168,43.3026205497905,-88.0989510392002
Cedarburg,169,43.2844723994481,-88.1077721151773
Cedarburg,170,43.2844835761807,-88.1073215564773
Cedarburg,171,43.284260423541,-88.1059844400284
Cedarburg,172,43.2837221633519,-88.1058482868921
Cedarburg,173,43.2834925144551,-88.1059192435124
Cedarburg,174,43.2841083863933,-88.1058291151472
Cedarburg,458,43.2929984028738,-88.1167079762652
Cedarburg,175,43.2842591383721,-88.1057845620151
Cedarburg,176,43.2842891452746,-88.1059756840698
Cedarburg,177,43.2851752912049,-88.1055127059034
Cedarburg,178,43.2851269322002,-88.105727856543
Cedarburg,179,43.2852833451585,-88.1077901168134
Cedarburg,180,43.2863394712694,-88.1071193172309
Cedarburg,181,43.2856256811667,-88.105673983301
Cedarburg,182,43.2817222594681,-88.1027021515836
Cedarburg,183,43.3139277855664,-88.1015131636654
Cedarburg,184,43.2982528982758,-88.1106199616591
Cedarburg,185,43.287492910439,-88.1051488851515
Cedarburg,186,43.2875549706358,-88.105007027779
Cedarburg,187,43.2874381325822,-88.1081314553057
Cedarburg,188,43.2843501942637,-88.1125657968515
Cedarburg,189,43.2856814701097,-88.112425615057
Cedarburg,190,43.284926788572,-88.1097976608309
Cedarburg,191,43.2813689695269,-88.1097331861587
Cedarburg,192,43.2813449032344,-88.1107494652166
Cedarburg,193,43.2813249546688,-88.1117494896909
Cedarburg,194,43.2823201420304,-88.1124228404112
Cedarburg,195,43.2886606820623,-88.103152705875
Cedarburg,196,43.295810453126,-88.1060653916733
Cedarburg,197,43.285555505061,-88.0940622664641
Cedarburg,198,43.2821870719289,-88.1122946191872
Cedarburg,199,43.2851217481337,-88.0941888146852
Cedarburg,200,43.2958034132936,-88.1063120708323
Cedarburg,201,43.2901216140173,-88.1030319620897
Cedarburg,202,43.2901006536692,-88.1029251859644
Cedarburg,203,43.2910124915684,-88.1034041111573
Cedarburg,204,43.2942590788878,-88.1110173498773
Cedarburg,205,43.3054636766128,-88.0977067616835
Cedarburg,206,43.3047278777767,-88.0974753882327
Cedarburg,207,43.3026203981773,-88.0989784386486
Cedarburg,208,43.3068067593887,-88.1018603963793
Cedarburg,209,43.3067931518518,-88.1019766391412
Cedarburg,281,43.2901624090331,-88.1015251286955
Cedarburg,210,43.3041626915082,-88.0996281174367
Cedarburg,211,43.3042056177914,-88.0996201058006
Cedarburg,212,43.3042932106391,-88.0995547321392
Cedarburg,213,43.3074201375806,-88.0951146631701
Cedarburg,214,43.3042963158198,-88.0994202802192
Cedarburg,215,43.3042879194514,-88.0985607245455
Cedarburg,216,43.3042077403512,-88.0984313521192
Cedarburg,217,43.3033205941378,-88.0991062364487
Cedarburg,218,43.3033170465085,-88.099243292722
Cedarburg,219,43.3007264894332,-88.1067229926649
Cedarburg,220,43.3014934602329,-88.1070279151417
Cedarburg,221,43.3015166579777,-88.1070372316742
Cedarburg,222,43.3014542417551,-88.1071766340485
Cedarburg,223,43.301624038694,-88.1072438081535
Cedarburg,224,43.3031156048202,-88.1078847130522
Cedarburg,225,43.3020759241546,-88.1106936470281
Cedarburg,226,43.3003535895484,-88.1084906608962
Cedarburg,227,43.2995395303818,-88.1078421461521
Cedarburg,228,43.2981555348715,-88.1091009385602
Cedarburg,229,43.2982540870663,-88.1082332771095
Cedarburg,230,43.2981717136116,-88.1082188261286
Cedarburg,231,43.2982921710375,-88.105981851219
Cedarburg,232,43.2981831884118,-88.1074270561115
Cedarburg,233,43.2983333926454,-88.1073882163271
Cedarburg,234,43.2982786061561,-88.1072028023495
Cedarburg,235,43.2981888413331,-88.1071457127539
Cedarburg,236,43.2976310509161,-88.1072715273484
Cedarburg,237,43.2976345364001,-88.1071352594832
Cedarburg,238,43.2971595590873,-88.1071669027516
Cedarburg,239,43.2971610144274,-88.10701925078
Cedarburg,240,43.2967302049229,-88.1069673066647
Cedarburg,241,43.2870280306636,-88.0986936780272
Cedarburg,242,43.2871167937825,-88.0987921911332
Cedarburg,243,43.2849105473502,-88.0931491498744
Cedarburg,244,43.286667816554,-88.0939622614026
Cedarburg,245,43.2866778063854,-88.0938079332743
Cedarburg,246,43.2855582540422,-88.0941803290877
Cedarburg,247,43.2861585262308,-88.094037808419
Cedarburg,248,43.285814540805,-88.0927101821117
Cedarburg,249,43.2841771813873,-88.093239358083
Cedarburg,250,43.2841905408549,-88.0930950368117
Cedarburg,251,43.2842148718837,-88.0968616425615
Cedarburg,252,43.2828042247282,-88.093793671433
Cedarburg,253,43.2941891053561,-88.1014720192918
Cedarburg,254,43.294200104952,-88.1015041101909
Cedarburg,255,43.2933053043262,-88.098220280855
Cedarburg,256,43.2932828362824,-88.0983928839923
Cedarburg,257,43.2932253190769,-88.0965497026929
Cedarburg,258,43.2932781411782,-88.0964397226672
Cedarburg,259,43.2933607580786,-88.0965395748996
Cedarburg,260,43.292990450927,-88.0948474292499
Cedarburg,261,43.2929880273653,-88.0948173362666
Cedarburg,262,43.2930546041732,-88.0947574482719
Cedarburg,263,43.293093288407,-88.0948612826098
Cedarburg,264,43.293718201517,-88.0950550870409
Cedarburg,265,43.2938100760935,-88.095033494892
Cedarburg,266,43.2923503752524,-88.0954270990016
Cedarburg,267,43.2933810861045,-88.0995001572181
Cedarburg,268,43.293465886095,-88.0994768253358
Cedarburg,269,43.2934633333386,-88.0994637785468
Cedarburg,270,43.2823481762952,-88.0950405730738
Cedarburg,271,43.282661246839,-88.0949771850331
Cedarburg,272,43.2849997421962,-88.1064011428211
Cedarburg,273,43.2845827130598,-88.1065876881123
Cedarburg,274,43.2874358309888,-88.1084420847728
Cedarburg,275,43.2803623676265,-88.1040885478747
Cedarburg,276,43.2911927092855,-88.0969432307762
Cedarburg,277,43.291246228353,-88.0968700187317
Cedarburg,278,43.2943518959164,-88.0988298494617
Cedarburg,279,43.2944860154218,-88.0989279452274
Cedarburg,280,43.2959341322914,-88.0981189851398
Cedarburg,282,43.2901624586841,-88.1016143706623
Cedarburg,283,43.2933784911309,-88.0994865213275
Cedarburg,284,43.2935032525288,-88.0994183994634
Cedarburg,285,43.2910338342333,-88.1014657219213
Cedarburg,286,43.2909094471152,-88.1014220869431
Cedarburg,287,43.2910427288856,-88.1025303868915
Cedarburg,288,43.2909247782997,-88.1027740144096
Cedarburg,289,43.2910130666732,-88.1026867322699
Cedarburg,290,43.2940115752423,-88.0975553984726
Cedarburg,291,43.2940080686094,-88.0973745688353
Cedarburg,292,43.2923976756864,-88.0955340738472
Cedarburg,293,43.2924994180047,-88.0954399622032
Cedarburg,294,43.2924916570206,-88.097184052633
Cedarburg,295,43.2925541926922,-88.0971088984732
Cedarburg,296,43.2918227782116,-88.0961266710753
Cedarburg,297,43.2918921433138,-88.0960505895006
Cedarburg,298,43.2914857293648,-88.0965032012125
Cedarburg,299,43.2917848150531,-88.0959677461996
Cedarburg,300,43.291318503193,-88.0963737240059
Cedarburg,301,43.291387844166,-88.0962886263727
Cedarburg,302,43.2914732138691,-88.0964061449668
Cedarburg,303,43.2915126643903,-88.0962279740466
Cedarburg,304,43.2910614113613,-88.0967341363122
Cedarburg,305,43.2936375071099,-88.1009631585111
Cedarburg,306,43.293732217564,-88.1009020273476
Cedarburg,307,43.29380338426,-88.1010401176354
Cedarburg,308,43.3099686865341,-88.1180952832662
Cedarburg,309,43.3015145000066,-88.1107957739121
Cedarburg,310,43.3088789025825,-88.104049822338
Cedarburg,311,43.2939160863753,-88.1009735356092
Cedarburg,312,43.29178742771,-88.102091785531
Cedarburg,313,43.3075694478228,-88.1110082525439
Cedarburg,314,43.3076120434419,-88.1108870797566
Cedarburg,315,43.2918083935259,-88.1022552346654
Cedarburg,316,43.2950098106829,-88.1018976512398
Cedarburg,317,43.2943897820932,-88.1020022381074
Cedarburg,318,43.2887751385601,-88.1017933557548
Cedarburg,319,43.2887693087719,-88.101704287305
Cedarburg,320,43.2917932357673,-88.0959597779466
Cedarburg,321,43.2947650413741,-88.1004839452101
Cedarburg,322,43.2947356149868,-88.10029982302
Cedarburg,323,43.2884205761075,-88.1130037184385
Cedarburg,324,43.2842548639776,-88.1127661387076
Cedarburg,325,43.284325270584,-88.1127015955478
Cedarburg,326,43.2826245297295,-88.1127014467293
Cedarburg,327,43.2824738430003,-88.1126864844775
Cedarburg,328,43.2825477215414,-88.1127395266818
Cedarburg,329,43.2832862405403,-88.1130672409074
Cedarburg,330,43.2955279367176,-88.1202995463154
Cedarburg,331,43.2931747588885,-88.1148132916534
Cedarburg,332,43.2931511251118,-88.1147011902738
Cedarburg,333,43.2921327894537,-88.1152541886379
Cedarburg,334,43.2922312151033,-88.1154091140426
Cedarburg,335,43.2906363922837,-88.1175486843711
Cedarburg,336,43.2907541340846,-88.1170668318764
Cedarburg,337,43.2905531231302,-88.1174433586567
Cedarburg,338,43.2908224160137,-88.1172059016796
Cedarburg,339,43.2923807207985,-88.1137261973144
Cedarburg,340,43.2923493922957,-88.1140038320203
Cedarburg,341,43.2912222240366,-88.1135513333888
Cedarburg,342,43.291132970131,-88.1136935232429
Cedarburg,343,43.2910723005651,-88.1136081540792
Cedarburg,344,43.2910732427764,-88.1134873716085
Cedarburg,345,43.2911360561016,-88.1134042503236
Cedarburg,346,43.291081541921,-88.1145561893163
Cedarburg,347,43.2840826562478,-88.0930947087144
Cedarburg,348,43.284108064984,-88.0929431986789
Cedarburg,349,43.2840978100316,-88.094389546836
Cedarburg,350,43.2840134993716,-88.0943915466921
Cedarburg,456,43.2916807607757,-88.1184578822956
Cedarburg,351,43.2831986971312,-88.0979255164592
Cedarburg,352,43.2832956940903,-88.0978360301984
Cedarburg,353,43.2818394970525,-88.0984715605475
Cedarburg,354,43.2818460570007,-88.0981786658285
Cedarburg,355,43.2856064113292,-88.1025143908605
Cedarburg,356,43.2848743817604,-88.0945372832454
Cedarburg,357,43.2847959325897,-88.0952245826277
Cedarburg,358,43.2848743148975,-88.0953801436305
Cedarburg,359,43.2851253161819,-88.0953697049498
Cedarburg,360,43.2857351094418,-88.0951386900924
Cedarburg,361,43.2855587869903,-88.0951600515484
Cedarburg,362,43.285531075054,-88.0946930775067
Cedarburg,363,43.2845290939887,-88.0974177564116
Cedarburg,364,43.2842078467139,-88.0966337734118
Cedarburg,365,43.2840814512568,-88.0965269009118
Cedarburg,366,43.2828695959476,-88.0966419426146
Cedarburg,367,43.2828514734635,-88.0968476086776
Cedarburg,368,43.2817181925043,-88.0968082685349
Cedarburg,369,43.2828343278114,-88.0931403714898
Cedarburg,370,43.2827289755389,-88.0937215906937
Cedarburg,371,43.2817179936762,-88.0966010219278
Cedarburg,372,43.2816118001688,-88.0969589567957
Cedarburg,373,43.2816113389704,-88.0969872450532
Cedarburg,374,43.281585980684,-88.0983370842784
Cedarburg,375,43.2816334029152,-88.0987499500281
Cedarburg,376,43.2824859857198,-88.0990105229126
Cedarburg,377,43.2824980076448,-88.0991395892001
Cedarburg,378,43.2816856531324,-88.0991630773738
Cedarburg,379,43.2816459868611,-88.0993013386751
Cedarburg,380,43.2815573122057,-88.0998817104016
Cedarburg,381,43.2815643140459,-88.100611461995
Cedarburg,382,43.2816743477907,-88.1013210696504
Cedarburg,383,43.2816158227639,-88.1024877384415
Cedarburg,384,43.2874226970674,-88.0929843557097
Cedarburg,385,43.2856072308411,-88.10264641744
Cedarburg,386,43.2863145537007,-88.1025349380408
Cedarburg,387,43.2864189695832,-88.1026215550436
Cedarburg,388,43.2870957647365,-88.1018752244797
Cedarburg,389,43.2871369320726,-88.1019896134655
Cedarburg,390,43.2877621820489,-88.1015075918789
Cedarburg,391,43.3102660628034,-88.089962963231
Cedarburg,392,43.3101788746398,-88.0899454102367
Cedarburg,393,43.2791618174413,-88.0993462154939
Cedarburg,394,43.3015158176149,-88.1103740216896
Cedarburg,395,43.2878158363948,-88.1011257534591
Cedarburg,396,43.2816812882632,-88.0930956416424
Cedarburg,397,43.2817363457847,-88.0938307009019
Cedarburg,398,43.2817397948603,-88.0939641935657
Cedarburg,399,43.2816705967304,-88.0940725672319
Cedarburg,400,43.2816572713855,-88.0947078896215
Cedarburg,401,43.2816551621341,-88.0947830560207
Cedarburg,402,43.2817002700798,-88.0953481083595
Cedarburg,403,43.2816349467286,-88.095720387564
Cedarburg,404,43.2816924813137,-88.0964752593108
Cedarburg,405,43.2816870522708,-88.0969042549263
Cedarburg,406,43.2875663924985,-88.0929458781304
Cedarburg,407,43.284889163591,-88.0947976442225
Cedarburg,408,43.2847364625457,-88.0931773535378
Cedarburg,409,43.2847877297698,-88.0932242233075
Cedarburg,410,43.2848809829648,-88.0932487962904
Cedarburg,411,43.2868080928297,-88.0938327690579
Cedarburg,412,43.2874960726124,-88.0931121014661
Cedarburg,413,43.2867992838314,-88.0939122742248
Cedarburg,414,43.2867256888074,-88.0939834198696
Cedarburg,415,43.2895005553296,-88.1148666146712
Cedarburg,416,43.2895891612582,-88.1148723429834
Cedarburg,417,43.2896559725837,-88.1147910920499
Cedarburg,418,43.2896544729268,-88.1145774380121
Cedarburg,419,43.2895933222856,-88.1144899969903
Cedarburg,420,43.2895050834326,-88.114487906248
Cedarburg,457,43.2937022877548,-88.1163467423001
Cedarburg,421,43.2916890642632,-88.115764221086
Cedarburg,422,43.2917473454714,-88.1158565314543
Cedarburg,423,43.2917372147381,-88.1159697069574
Cedarburg,424,43.2916716147285,-88.1160485725465
Cedarburg,425,43.2915858787278,-88.1160391531479
Cedarburg,426,43.2912903043116,-88.1145083584605
Cedarburg,427,43.2913139608027,-88.1147217084782
Cedarburg,428,43.2912666794693,-88.1148259122124
Cedarburg,429,43.2911766726203,-88.1148322917856
Cedarburg,430,43.2911066446151,-88.114768738285
Cedarburg,431,43.2905713044013,-88.1148971544635
Cedarburg,432,43.2904826694596,-88.1148969205264
Cedarburg,433,43.2945505899163,-88.1132975366435
Cedarburg,434,43.2939986849611,-88.1156138574626
Cedarburg,435,43.2939437326582,-88.1157432228158
Cedarburg,436,43.2935620473479,-88.1168850921141
Cedarburg,437,43.2936537708641,-88.1170536592936
Cedarburg,438,43.2935687811775,-88.1170914511382
Cedarburg,439,43.2944965846812,-88.116722189847
Cedarburg,440,43.2945496405549,-88.1169215780321
Cedarburg,441,43.294639911697,-88.1168247143588
Cedarburg,442,43.2944951027075,-88.1168431053407
Cedarburg,443,43.2946210612537,-88.117715486205
Cedarburg,444,43.2945326712043,-88.1177421150432
Cedarburg,445,43.2946454584584,-88.1186836171741
Cedarburg,446,43.2946939016249,-88.1188042976736
Cedarburg,447,43.2952020009924,-88.1187048362767
Cedarburg,448,43.2951859376227,-88.1188235395557
Cedarburg,449,43.2940786821313,-88.1188384584458
Cedarburg,450,43.2940096542369,-88.1188624560831
Cedarburg,451,43.2936391634234,-88.1192988256537
Cedarburg,452,43.2927676867977,-88.1200337068258
Cedarburg,453,43.2916312664978,-88.1203944180754
Cedarburg,454,43.2910600704224,-88.1194496523505
Cedarburg,455,43.2921906287167,-88.1191843850011
Cedarburg,459,43.2930352014697,-88.1181167552295
Cedarburg,460,43.2887453544426,-88.1185701287878
Cedarburg,461,43.2888994223179,-88.1186136421161
Cedarburg,462,43.2888949943998,-88.117306491273
Cedarburg,463,43.2887412492982,-88.1173907995395
Cedarburg,464,43.2888900986977,-88.1160003271031
Cedarburg,465,43.2887364738944,-88.1160374716937
Cedarburg,466,43.2902077583679,-88.1195259878489
Cedarburg,467,43.288876951008,-88.1149218389399
Cedarburg,468,43.2886993554634,-88.1149519814294
Cedarburg,469,43.2889045377077,-88.1148735334886
Cedarburg,470,43.2888834605293,-88.1146294092906
Cedarburg,471,43.2931404699626,-88.1200219988799
Cedarburg,472,43.2932423325819,-88.1199049734903
Cedarburg,473,43.2934051963333,-88.1184355719282
Cedarburg,474,43.2935263839703,-88.1183862962483
Cedarburg,475,43.2885110981257,-88.1072988860595
Cedarburg,476,43.2857430781476,-88.1100569071548
Cedarburg,477,43.2885089493783,-88.1032481306164
Cedarburg,478,43.2874742760515,-88.1063349185579
Cedarburg,479,43.2873898792757,-88.1063493075132
Cedarburg,480,43.2874547443211,-88.1072559165905
Cedarburg,481,43.2873734607931,-88.107253080459
Cedarburg,482,43.2873522971488,-88.1081564047421
Cedarburg,483,43.2874207605473,-88.1093929186674
Cedarburg,484,43.2873219743572,-88.1093858209631
Cedarburg,485,43.2871843913725,-88.11202200923
Cedarburg,486,43.2870861006403,-88.1120183972047
Cedarburg,487,43.2869953938638,-88.1122841973659
Cedarburg,488,43.2883236245584,-88.1125347044541
Cedarburg,489,43.2883294136986,-88.112324593332
Cedarburg,490,43.2884153033857,-88.1122520175073
Cedarburg,491,43.2884434258884,-88.1109690343815
Cedarburg,492,43.287779833309,-88.1125183946092
Cedarburg,493,43.2877851184732,-88.1123085191324
Cedarburg,494,43.2856811154943,-88.1122761517536
Cedarburg,495,43.2849870638277,-88.1099200422119
Cedarburg,496,43.2848582637177,-88.1110117725673
Cedarburg,497,43.2847485549435,-88.1110074909147
Cedarburg,498,43.2842819653279,-88.1124334559125
Cedarburg,499,43.2826910880374,-88.1125470477418
Cedarburg,500,43.2814648417871,-88.1122734685228
Cedarburg,501,43.2821800584335,-88.1125007404961
Cedarburg,502,43.2884787201135,-88.1047995630939
Cedarburg,503,43.2884721596685,-88.1046035403522
Cedarburg,504,43.2885583975157,-88.1048757330121
Cedarburg,505,43.2886201807934,-88.1048563323505
Cedarburg,506,43.2886468817719,-88.1048562954915
Cedarburg,507,43.2885313285544,-88.1062472513938
Cedarburg,508,43.2884555893178,-88.1101794374784
Cedarburg,509,43.2817253303692,-88.1028316631747
Cedarburg,510,43.2828262090576,-88.1028697024744
Cedarburg,511,43.2828474152648,-88.1028707613982
Cedarburg,512,43.2828935897781,-88.1027416845791
Cedarburg,513,43.2829081809852,-88.1027424774294
Cedarburg,514,43.2814190737128,-88.1032110880755
Cedarburg,515,43.2814237106328,-88.1031804714029
Cedarburg,516,43.2825138524475,-88.1069349696605
Cedarburg,517,43.2836376992429,-88.1063702842895
Cedarburg,518,43.2941928399384,-88.111169998687
Cedarburg,519,43.285960556084,-88.0926216188519
Cedarburg,520,43.2863244826187,-88.0923414064344
Cedarburg,521,43.2862696077525,-88.0922449990898
Cedarburg,522,43.2867799463739,-88.0919730439873
Cedarburg,523,43.2867524580547,-88.0917984186771
Cedarburg,524,43.2880518948703,-88.0920931624056
Cedarburg,525,43.2856162241749,-88.0904130642481
Cedarburg,526,43.2811575984882,-88.1208098213682
Cedarburg,527,43.2811799941736,-88.1197498218646
Cedarburg,528,43.2812005267573,-88.1188091236421
Cedarburg,529,43.2812276175812,-88.1170831912911
Cedarburg,530,43.2832951630999,-88.1129173877038
Cedarburg,531,43.2812517462163,-88.1156195372128
Cedarburg,532,43.2812676580373,-88.1147855138507
Cedarburg,533,43.2812922868942,-88.1137054807393
Cedarburg,534,43.3080122134864,-88.1004290700683
Cedarburg,535,43.3079259041013,-88.100447134385
Cedarburg,536,43.3071377640844,-88.0947437130127
Cedarburg,537,43.3099426935964,-88.0967755243681
Cedarburg,538,43.3083322350855,-88.0978276129867
Cedarburg,539,43.3041631399019,-88.0996119948836
Cedarburg,540,43.30420450698,-88.0996385705124
Cedarburg,541,43.3069873895113,-88.0966211616144
Cedarburg,542,43.306968082614,-88.0965890125217
Cedarburg,543,43.305622823788,-88.0969654489403
Cedarburg,544,43.3056052431388,-88.0973227328336
Cedarburg,545,43.3056320825384,-88.0972153626605
Cedarburg,546,43.3054709852936,-88.0972137960604
Cedarburg,547,43.3054716278758,-88.0973354189091
Cedarburg,548,43.3095467785315,-88.0937648548086
Cedarburg,549,43.3095493323083,-88.0936521909633
Cedarburg,550,43.3094784456977,-88.09452604853
Cedarburg,551,43.3094924807101,-88.0944378157215
Cedarburg,552,43.309296052176,-88.0941168546517
Cedarburg,553,43.3079509290358,-88.0941402212452
Cedarburg,554,43.3078972797879,-88.0940230806356
Cedarburg,555,43.3080592199511,-88.0940818357727
Cedarburg,556,43.3085773136331,-88.0938114746093
Cedarburg,557,43.308679200954,-88.0943721143134
Cedarburg,558,43.3085958547616,-88.094443283058
Cedarburg,559,43.3086364667871,-88.0946966221099
Cedarburg,560,43.3086581199932,-88.0948155732422
Cedarburg,561,43.3078279342889,-88.1060375842905
Cedarburg,562,43.307873012062,-88.1061293145627
Cedarburg,563,43.3055009080967,-88.1034696043634
Cedarburg,564,43.30315667763,-88.107856645055
Cedarburg,565,43.303120661713,-88.1107145017487
Cedarburg,566,43.3072669576537,-88.1072158746397
Cedarburg,567,43.3080920394606,-88.1075061793156
Cedarburg,568,43.3078624369971,-88.1102169335176
Cedarburg,569,43.3081862064315,-88.1074965348153
Cedarburg,570,43.3057881715576,-88.1050357394501
Cedarburg,571,43.304644953056,-88.0948198832469
Cedarburg,572,43.3070619403663,-88.0948489390571
Cedarburg,573,43.3095461732782,-88.0932153035911
Cedarburg,574,43.3094569038012,-88.0932101952855
Cedarburg,575,43.3039292137283,-88.0929674264629
Cedarburg,576,43.2992967049511,-88.1130914321367
Cedarburg,577,43.299130753662,-88.113238781143
Cedarburg,578,43.3015936126206,-88.1183141310297
Cedarburg,579,43.3014271208257,-88.1191419079745
Cedarburg,580,43.3015592690652,-88.1197454677706
Cedarburg,581,43.3023522993551,-88.1192877175006
Cedarburg,582,43.3022947766788,-88.1193784315542
Cedarburg,583,43.3022689206575,-88.1194346314244
Cedarburg,584,43.3023822968327,-88.1227282687903
Cedarburg,585,43.3025119316137,-88.1229381674555
Cedarburg,586,43.3028769955122,-88.1156933576536
Cedarburg,587,43.3027633366925,-88.1179382458127
Cedarburg,588,43.3028173021467,-88.1180328016767
Cedarburg,589,43.3027960383705,-88.1196614485805
Cedarburg,590,43.2943939498645,-88.111145419575
Cedarburg,591,43.2934249145488,-88.1120761246115
Cedarburg,592,43.2934757619956,-88.1121936686647
Cedarburg,593,43.2926032870934,-88.1121747825891
Cedarburg,594,43.2926236109194,-88.1120563842183
Cedarburg,595,43.2923638624705,-88.1110333799081
Cedarburg,596,43.3018225143611,-88.0981381479671
Cedarburg,597,43.3027546326297,-88.0998023179359
Cedarburg,598,43.3025011476751,-88.0995451030074
Cedarburg,599,43.3026497683698,-88.0990670784631
Cedarburg,600,43.3025539974844,-88.0989784030002
Cedarburg,601,43.30255430772,-88.0989520946154
Cedarburg,602,43.30193878281,-88.1001286407776
Cedarburg,603,43.2952450960606,-88.1065538613445
Cedarburg,604,43.3036873925262,-88.0929014177588
Cedarburg,605,43.2912845679784,-88.1088298113975
Cedarburg,606,43.2912770796873,-88.1087106754503
Cedarburg,607,43.2925021405776,-88.1110313822911
Cedarburg,608,43.2923300202454,-88.1087805426118
Cedarburg,609,43.2925121224575,-88.1087757223708
Cedarburg,610,43.2924780248109,-88.1086411728647
Cedarburg,611,43.293377485304,-88.1087736531229
Cedarburg,612,43.293382894158,-88.1086542001728
Cedarburg,613,43.2951937063056,-88.1104870436462
Cedarburg,614,43.2947905134479,-88.1104280998788
Cedarburg,615,43.288703764209,-88.1032975075678
Cedarburg,616,43.2917777938669,-88.1104546150551
Cedarburg,617,43.2958026365287,-88.1063402619381
Cedarburg,618,43.2886404555844,-88.1085757727141
Cedarburg,619,43.2887091197165,-88.1082827379841
Cedarburg,620,43.2886456220614,-88.1082874410249
Cedarburg,621,43.2901906042475,-88.1087696674413
Cedarburg,622,43.29019599011,-88.1089452248094
Cedarburg,623,43.2949383896872,-88.1112127547948
Cedarburg,624,43.2936584398273,-88.1126792420281
Cedarburg,625,43.2924727811095,-88.1046135677411
Cedarburg,626,43.2950885763272,-88.1061935921359
Cedarburg,627,43.2957769429409,-88.1079757798707
Cedarburg,628,43.2903208348102,-88.1098715745496
Cedarburg,629,43.2903279616819,-88.110020020781
Cedarburg,630,43.2902240366918,-88.1099842327211
Cedarburg,631,43.2912324227663,-88.1126908968278
Cedarburg,632,43.2916768963144,-88.1046202816067
Cedarburg,633,43.291674196001,-88.1045153882088
Cedarburg,634,43.29105894556,-88.1045236688727
Cedarburg,635,43.2910758435801,-88.1046162841033
Cedarburg,636,43.2910240686011,-88.1046170617617
Cedarburg,637,43.2910183876274,-88.1044636623035
Cedarburg,638,43.2909372503032,-88.104457218617
Cedarburg,639,43.2901612973897,-88.1194231736113
Cedarburg,640,43.2905502764425,-88.1204159567047
Cedarburg,641,43.290553983867,-88.1206495343076
Cedarburg,642,43.2906579798267,-88.1206479025145
Cedarburg,643,43.2910885474405,-88.1213849951896
Cedarburg,644,43.2910830065328,-88.1214728204015
Cedarburg,645,43.2896409088646,-88.1180312909109
Cedarburg,646,43.2897514064988,-88.1182311652639
Cedarburg,647,43.2896323661851,-88.1171706787242
Cedarburg,648,43.2897194829431,-88.1171794231992
Cedarburg,649,43.2897398083314,-88.1158138504151
Cedarburg,650,43.2887859201341,-88.1045722816435
Cedarburg,651,43.288772577276,-88.104747501662
Cedarburg,652,43.2887082599295,-88.1048230128867
Cedarburg,653,43.2910033823411,-88.1061589259206
Cedarburg,654,43.2899556446031,-88.1061740762483
Cedarburg,655,43.2899534582211,-88.1062857141085
Cedarburg,656,43.2886830075483,-88.1063620366278
Cedarburg,657,43.2886879439851,-88.1061020206392
Cedarburg,658,43.2898569344373,-88.1073085583497
Cedarburg,659,43.2898532790019,-88.1074120289859
Cedarburg,660,43.2886667254369,-88.1072426156865
Cedarburg,661,43.2886613076518,-88.1074960744358
Cedarburg,662,43.2992900136498,-88.098120248628
Cedarburg,663,43.2978108561251,-88.0997369826657
Cedarburg,664,43.2977796485278,-88.0995064393399
Cedarburg,665,43.2986611988643,-88.0975764640363
Cedarburg,666,43.2972333224143,-88.1024140465522
Cedarburg,667,43.2971409153926,-88.102493499251
Cedarburg,668,43.2967249270033,-88.1017672658584
Cedarburg,669,43.2968087649271,-88.1016762406741
Cedarburg,670,43.2947884862278,-88.1014242930328
Cedarburg,671,43.3047906793227,-88.0973890978436
Cedarburg,672,43.3045424625629,-88.0973091788357
Cedarburg,883,43.2971823380608,-88.1090627027832
Cedarburg,673,43.3044883864301,-88.0971978400454
Cedarburg,674,43.3044978133142,-88.0963903974494
Cedarburg,675,43.3045013964586,-88.0962676100612
Cedarburg,676,43.3046076494944,-88.0963733326179
Cedarburg,677,43.3046176545885,-88.0960637676781
Cedarburg,678,43.3046187387019,-88.0959429160822
Cedarburg,679,43.3045260873027,-88.0955782460841
Cedarburg,680,43.3062221938996,-88.09486251243
Cedarburg,681,43.3065956431739,-88.0953181174922
Cedarburg,682,43.3066712822052,-88.095426797978
Cedarburg,683,43.3066095825501,-88.0955229268707
Cedarburg,684,43.3070121679676,-88.0960154168949
Cedarburg,685,43.3070369244918,-88.0959179277262
Cedarburg,686,43.3060471957555,-88.0963575449343
Cedarburg,687,43.3059887650992,-88.0964503000538
Cedarburg,688,43.3062071031695,-88.0961231157236
Cedarburg,689,43.3062652218185,-88.0960325075605
Cedarburg,690,43.3047282616929,-88.0948995050162
Cedarburg,691,43.3058663410456,-88.0945772862682
Cedarburg,692,43.3051192548187,-88.0951843067648
Cedarburg,693,43.3051009420869,-88.0953603419632
Cedarburg,694,43.3051587592616,-88.0952807377418
Cedarburg,695,43.3046770969196,-88.0950107460764
Cedarburg,696,43.3048900473898,-88.0943111293523
Cedarburg,697,43.3059242776866,-88.0943280001351
Cedarburg,698,43.3059321798959,-88.0944545047141
Cedarburg,699,43.3048880510818,-88.0944625731418
Cedarburg,700,43.3048082478906,-88.094394209187
Cedarburg,701,43.3076596660187,-88.093910947057
Cedarburg,702,43.3076096787071,-88.0938463671701
Cedarburg,703,43.3073308081109,-88.0949743575624
Cedarburg,704,43.3087342340902,-88.0951999849424
Cedarburg,705,43.3088464045845,-88.0952422907947
Cedarburg,706,43.3088027843512,-88.0953565433343
Cedarburg,707,43.3099926705538,-88.0957128042929
Cedarburg,708,43.3100312554626,-88.0961598615857
Cedarburg,709,43.309639064527,-88.0967020724434
Cedarburg,710,43.3100306739608,-88.0976470936828
Cedarburg,711,43.3099088159458,-88.0980359777224
Cedarburg,712,43.3099335792376,-88.0977200156013
Cedarburg,713,43.3099176350936,-88.0971506163046
Cedarburg,714,43.3100241808548,-88.0970751627767
Cedarburg,715,43.3096011182384,-88.0966264429807
Cedarburg,716,43.3096678821793,-88.0971094277794
Cedarburg,717,43.3092770027006,-88.0974794045892
Cedarburg,718,43.3087772309089,-88.0971375983928
Cedarburg,719,43.3089287899539,-88.0970393343521
Cedarburg,720,43.3088273496659,-88.0970744955681
Cedarburg,721,43.3090425909408,-88.0974504563404
Cedarburg,722,43.3089854645018,-88.0976332887335
Cedarburg,723,43.3089411006722,-88.0974992167936
Cedarburg,724,43.3080548029101,-88.0979694036956
Cedarburg,725,43.3079775356556,-88.097959207582
Cedarburg,726,43.3085687033298,-88.0989250988717
Cedarburg,727,43.3079463083387,-88.0990251071381
Cedarburg,728,43.3080580837476,-88.0988671702494
Cedarburg,729,43.3076915396712,-88.0990346807285
Cedarburg,730,43.3066983032698,-88.0984010355165
Cedarburg,731,43.306843135787,-88.0984038861663
Cedarburg,732,43.3068327338403,-88.0985898534946
Cedarburg,733,43.3066834527711,-88.0985890695639
Cedarburg,734,43.3073578181503,-88.0988161306447
Cedarburg,735,43.3080558112495,-88.0990225682079
Cedarburg,736,43.3079469627473,-88.0988694320086
Cedarburg,737,43.3074379938549,-88.0977276206381
Cedarburg,738,43.3070196250279,-88.0976384471837
Cedarburg,739,43.3070150632706,-88.0975000033659
Cedarburg,740,43.3071316981794,-88.0975407610796
Cedarburg,741,43.3059077594465,-88.0974834821989
Cedarburg,742,43.3056123556055,-88.0977169087898
Cedarburg,743,43.2964750394548,-88.1068508839613
Cedarburg,744,43.295895408971,-88.1060091552577
Cedarburg,745,43.2958909167695,-88.1063068851426
Cedarburg,746,43.2946243383684,-88.1132160599955
Cedarburg,747,43.2947132606224,-88.1132157007846
Cedarburg,748,43.2947736112556,-88.1133025723733
Cedarburg,749,43.2947690538321,-88.1135174464699
Cedarburg,750,43.2947056290031,-88.1135977872165
Cedarburg,751,43.2946168865732,-88.1135988392211
Cedarburg,752,43.2945576626402,-88.1135133909157
Cedarburg,753,43.2945408806306,-88.1144696202385
Cedarburg,754,43.2946829109618,-88.1146760982452
Cedarburg,755,43.2945951882744,-88.1146710191366
Cedarburg,756,43.2945374571017,-88.1145899341033
Cedarburg,757,43.2937620891788,-88.1145181916808
Cedarburg,758,43.2896517231911,-88.1158096132698
Cedarburg,759,43.2922964419568,-88.1136965949987
Cedarburg,760,43.2922213422815,-88.1137600655334
Cedarburg,761,43.2933963262868,-88.11349938825
Cedarburg,762,43.2933772428756,-88.1132871001579
Cedarburg,763,43.2956865527155,-88.1135115789655
Cedarburg,764,43.2956384932027,-88.1152019277181
Cedarburg,765,43.2956083805222,-88.116711606095
Cedarburg,766,43.2955783510859,-88.1182066762182
Cedarburg,767,43.2955690391045,-88.1192038734919
Cedarburg,768,43.286896975666,-88.1050012778512
Cedarburg,769,43.2861234913497,-88.1052312420955
Cedarburg,770,43.2860564123949,-88.1055334858938
Cedarburg,771,43.2861109196973,-88.1054354074641
Cedarburg,772,43.2869220339295,-88.1051943266996
Cedarburg,773,43.287407737016,-88.1051526028712
Cedarburg,774,43.3099710030691,-88.1179816277979
Cedarburg,775,43.3058118210902,-88.1220149824029
Cedarburg,776,43.3046187838809,-88.1138481533593
Cedarburg,777,43.3045392128887,-88.1138227190915
Cedarburg,778,43.3091295726321,-88.114739848654
Cedarburg,779,43.3090574981067,-88.1142849296631
Cedarburg,780,43.2987545049367,-88.1058785000741
Cedarburg,781,43.2986366399805,-88.1058434693325
Cedarburg,782,43.2983828449433,-88.1059624587591
Cedarburg,783,43.3003129718654,-88.1077727268799
Cedarburg,784,43.2970977470704,-88.1052197234738
Cedarburg,785,43.297045649421,-88.1051802194405
Cedarburg,786,43.2978327411306,-88.1057394749632
Cedarburg,787,43.3000375556437,-88.1107683419979
Cedarburg,788,43.2962336487465,-88.1060812932175
Cedarburg,789,43.302948332047,-88.1119216136748
Cedarburg,790,43.3030167778556,-88.1078868844573
Cedarburg,791,43.2971367875413,-88.105466240786
Cedarburg,792,43.2972234162708,-88.1055002617027
Cedarburg,793,43.2969852203448,-88.1052409674691
Cedarburg,794,43.2970943168647,-88.1054938654248
Cedarburg,795,43.2972529946441,-88.1053478972631
Cedarburg,796,43.2987693039947,-88.1059478430973
Cedarburg,797,43.2998578161905,-88.1063787373239
Cedarburg,798,43.2998861493614,-88.106554555877
Cedarburg,799,43.3056542761116,-88.112438819837
Cedarburg,800,43.3046141269945,-88.1118354223695
Cedarburg,801,43.3047085897932,-88.1118332508316
Cedarburg,802,43.3046144836502,-88.1119597520176
Cedarburg,803,43.3045987993854,-88.1128879559917
Cedarburg,804,43.3092737334689,-88.1051122178086
Cedarburg,805,43.3091888391253,-88.105179680943
Cedarburg,806,43.3098980777145,-88.1046362193953
Cedarburg,807,43.3100281094211,-88.104567459592
Cedarburg,808,43.3098733780794,-88.1044952440837
Cedarburg,809,43.3072923940808,-88.1109419089357
Cedarburg,810,43.3038753739863,-88.1097536611513
Cedarburg,811,43.3039617740093,-88.109563680857
Cedarburg,812,43.3039529200579,-88.1097577133797
Cedarburg,813,43.3030825858745,-88.1100156036048
Cedarburg,814,43.3030864367366,-88.109762819344
Cedarburg,815,43.3031197155757,-88.109594703896
Cedarburg,816,43.3030757345763,-88.1108521742058
Cedarburg,817,43.3072497904004,-88.110757680921
Cedarburg,818,43.3022158184822,-88.0896685505366
Cedarburg,819,43.3018729764302,-88.0888818588243
Cedarburg,820,43.3018095957508,-88.088965607962
Cedarburg,821,43.3165387592248,-88.1142114946975
Cedarburg,822,43.3168825596834,-88.1171296748628
Cedarburg,823,43.3116698475241,-88.1204289835496
Cedarburg,824,43.3115978288963,-88.119166014019
Cedarburg,825,43.3115122775606,-88.1192841714029
Cedarburg,826,43.3114489816854,-88.1191994917525
Cedarburg,827,43.3111155784003,-88.1205968857539
Cedarburg,828,43.3114463349793,-88.1190794556828
Cedarburg,829,43.3115491192643,-88.1205440240553
Cedarburg,830,43.3147273726993,-88.1141640894291
Cedarburg,831,43.3137630277682,-88.1206676586668
Cedarburg,832,43.3136759318868,-88.1206710284391
Cedarburg,833,43.3136135201636,-88.120582504509
Cedarburg,834,43.3136849875296,-88.1204414269382
Cedarburg,835,43.3160837866404,-88.1211400275473
Cedarburg,836,43.316085621599,-88.1210174271662
Cedarburg,837,43.315915639028,-88.1210132699538
Cedarburg,838,43.3159135331456,-88.1211328646762
Cedarburg,839,43.3159529572891,-88.1211893298472
Cedarburg,840,43.3124902051791,-88.1201992406552
Cedarburg,841,43.3156860539235,-88.1196002963058
Cedarburg,842,43.3157434138983,-88.1196396238795
Cedarburg,843,43.3147153551453,-88.1213127226463
Cedarburg,844,43.2955369824491,-88.1202445633265
Cedarburg,845,43.2897077263514,-88.1222860881416
Cedarburg,846,43.2898953397839,-88.1223747223291
Cedarburg,847,43.2887620928971,-88.121551932348
Cedarburg,848,43.2896470310045,-88.1210905145907
Cedarburg,849,43.2898111294439,-88.1211049587481
Cedarburg,850,43.2893056252132,-88.1205055225021
Cedarburg,851,43.2891901326086,-88.1203202969957
Cedarburg,852,43.2894193553724,-88.1200826070408
Cedarburg,853,43.2885740130749,-88.1129921942463
Cedarburg,854,43.2934859353596,-88.1185532504969
Cedarburg,855,43.2933813309098,-88.1188466845874
Cedarburg,856,43.2932486543045,-88.1188804389175
Cedarburg,857,43.2929750813587,-88.1191028193655
Cedarburg,858,43.2929638728274,-88.118955654394
Cedarburg,859,43.2923582579888,-88.1198413841015
Cedarburg,860,43.2924754484465,-88.1197734047536
Cedarburg,861,43.2918520074231,-88.1212181351064
Cedarburg,862,43.2919032145095,-88.1211703257069
Cedarburg,863,43.2915320080733,-88.1213577413333
Cedarburg,864,43.2915405805456,-88.1214749534536
Cedarburg,865,43.2898024451238,-88.1181381410823
Cedarburg,866,43.2897902818181,-88.1180187288436
Cedarburg,867,43.2899884498723,-88.1195728898632
Cedarburg,868,43.2900348009055,-88.1196758700117
Cedarburg,869,43.2925857326719,-88.117675622205
Cedarburg,870,43.2919856588742,-88.1188059966377
Cedarburg,871,43.2919143590751,-88.1187373568221
Cedarburg,872,43.291309766814,-88.119800038767
Cedarburg,873,43.2913314309105,-88.1199364112274
Cedarburg,874,43.2937764748016,-88.1146370196941
Cedarburg,875,43.2946601957234,-88.1158332159331
Cedarburg,876,43.294517350056,-88.1157167596006
Cedarburg,877,43.2945189075242,-88.115595307921
Cedarburg,878,43.2982550767482,-88.1107253917852
Cedarburg,879,43.2981476794961,-88.1107915837767
Cedarburg,880,43.298213480732,-88.1107733570746
Cedarburg,881,43.2958904284991,-88.106330375697
Cedarburg,882,43.2971883664606,-88.1089538307026
Cedarburg,884,43.2967655957995,-88.1089446756748
Cedarburg,885,43.2967148100379,-88.1090552495292
Cedarburg,886,43.296258595635,-88.1089356135864
Cedarburg,887,43.2958604197114,-88.1091063620057
Cedarburg,888,43.2958522388,-88.1096027994115
Cedarburg,889,43.2958398689531,-88.110768646443
Cedarburg,890,43.2969222023699,-88.1105885340782
Cedarburg,891,43.2968947970373,-88.1106997166443
Cedarburg,892,43.2911857137384,-88.0969322893581
Cedarburg,893,43.2913061886483,-88.0971229576049
Cedarburg,894,43.2913611159063,-88.0970602723993
Cedarburg,895,43.2908328079481,-88.0982342667092
Cedarburg,896,43.2978607357767,-88.1106089825895
Cedarburg,897,43.2978751293741,-88.110720435964
Cedarburg,898,43.3002014190704,-88.1106605271906
Cedarburg,899,43.3000721365514,-88.1106567992449
Cedarburg,900,43.2997367297382,-88.1107589271864
Cedarburg,901,43.2989591475945,-88.1107435378642
Cedarburg,902,43.2989656140485,-88.1106324179554
Cedarburg,903,43.2958384330799,-88.1104690711458
Cedarburg,904,43.2958198142636,-88.1120048461263
Cedarburg,905,43.2958060438731,-88.1128288155243
Cedarburg,906,43.2981033166479,-88.1128104108066
Cedarburg,907,43.2982303276351,-88.1128625824622
Cedarburg,908,43.3012355641467,-88.105882106397
Cedarburg,909,43.3012127280553,-88.1059348209512
Cedarburg,910,43.3031148920237,-88.1072902450982
Cedarburg,911,43.3030071769739,-88.1072691921353
Cedarburg,912,43.3030312062897,-88.1064739912884
Cedarburg,913,43.3031198165656,-88.1064852230217
Cedarburg,914,43.3031228494543,-88.1064612486668
Cedarburg,915,43.3006079265994,-88.1045949672991
Cedarburg,916,43.3006084134335,-88.1047459143641
Cedarburg,917,43.3031689664386,-88.1046815187585
Cedarburg,918,43.3031543815845,-88.1048744520541
Cedarburg,919,43.3031994401826,-88.1034370355339
Cedarburg,920,43.3031907845003,-88.1035910352854
Cedarburg,921,43.2993458225968,-88.108350559216
Cedarburg,922,43.3010359385214,-88.108027553138
Cedarburg,923,43.3007486689794,-88.1078732058025
Cedarburg,924,43.2997849200629,-88.1080669211891
Cedarburg,925,43.2993079188802,-88.1079745167596
Cedarburg,926,43.2995086389332,-88.1079236213066
Cedarburg,927,43.2977760032855,-88.1041581490548
Cedarburg,928,43.2977240074123,-88.1039812102567
Cedarburg,929,43.2972374003339,-88.1044598617946
Cedarburg,930,43.2973343268528,-88.1045353661678
Cedarburg,931,43.2969599394012,-88.1061430459865
Cedarburg,932,43.2968543242168,-88.1061046566688
Cedarburg,933,43.2994606846404,-88.1043915676488
Cedarburg,934,43.2995075092832,-88.1042527643264
Cedarburg,935,43.2994886172045,-88.1041416773768
Cedarburg,936,43.2993109047153,-88.1042543763863
Cedarburg,937,43.296966135792,-88.105399830434
Cedarburg,938,43.2970249481517,-88.105485880155
Cedarburg,939,43.3007115130293,-88.1128086256594
Cedarburg,940,43.2978419151008,-88.1055807898849
Cedarburg,941,43.2983523965267,-88.1060028187579
Cedarburg,942,43.2958657602801,-88.1078866046211
Cedarburg,943,43.3003795162614,-88.1083716541975
Cedarburg,944,43.281185078765,-88.107094929502
Cedarburg,945,43.2810971439195,-88.1070248664921
Cedarburg,946,43.2878989406658,-88.1014112834282
Cedarburg,947,43.3113030643963,-88.1010451757596
Cedarburg,948,43.3014854773017,-88.1119243201698
Cedarburg,949,43.3015098822914,-88.1106383574417
Cedarburg,950,43.3014291769491,-88.1103939146275
Cedarburg,951,43.3015159509409,-88.1103902400192
Cedarburg,952,43.2982484219241,-88.1091023437258
Cedarburg,953,43.2982531817673,-88.1089557417244
Cedarburg,954,43.2996011483149,-88.1076815848846
Cedarburg,955,43.3056966463191,-88.1107593315299
Cedarburg,956,43.3056820652773,-88.1109267785138
Cedarburg,957,43.3047044184451,-88.1119652575609
Cedarburg,958,43.3040993634792,-88.1107389244599
Cedarburg,959,43.2886096285565,-88.1101841274609
Cedarburg,960,43.2962560294634,-88.1090390636011
Cedarburg,961,43.2923250931847,-88.1046115609971
Cedarburg,962,43.292477514079,-88.1045019888993
Cedarburg,963,43.2953662411831,-88.1066280541259
Cedarburg,964,43.2956946406518,-88.1066935865919
Cedarburg,965,43.2957653744969,-88.1059778153018
Cedarburg,966,43.2957625609781,-88.1089125185258
Cedarburg,967,43.2957353996015,-88.1108202485314
Cedarburg,968,43.2957359882562,-88.1107993954031
Cedarburg,969,43.2948982127484,-88.1103436666322
Cedarburg,970,43.2951971700422,-88.1103520099549
Cedarburg,971,43.2957163222627,-88.1119965553063
Cedarburg,972,43.2957034240667,-88.1127692979298
Cedarburg,973,43.2885723445153,-88.1122693530895
Cedarburg,974,43.2885974764351,-88.1109739219816
Cedarburg,975,43.2946634528304,-88.1122837997697
Cedarburg,976,43.2964229428123,-88.0974061316239
Cedarburg,977,43.2964966774483,-88.0974883712765
Cedarburg,978,43.2963462215627,-88.097663348755
Cedarburg,979,43.296058463042,-88.0980125168852
Cedarburg,980,43.3032875307845,-88.0983727943819
Cedarburg,981,43.3032504780902,-88.0984316519968
Cedarburg,982,43.3032732329651,-88.0993046699223
Cedarburg,983,43.3031536953219,-88.1003870174213
Cedarburg,984,43.3032230428405,-88.0973752806977
Cedarburg,985,43.3086078462851,-88.0938903378488
Cedarburg,986,43.3032499195024,-88.1003727850843
Cedarburg,987,43.3029292054106,-88.0942207722169
Cedarburg,988,43.3021905034282,-88.0934496619836
Cedarburg,989,43.3020971275433,-88.0934893858224
Cedarburg,990,43.2993641471782,-88.0938321062142
Cedarburg,991,43.2993428644824,-88.0938731786026
Cedarburg,992,43.2994153924021,-88.0939418780665
Cedarburg,993,43.299438169339,-88.0938977065618
Cedarburg,994,43.2985254360686,-88.0975782338611
Cedarburg,995,43.2987026545286,-88.0961101193197
Cedarburg,996,43.2987086802297,-88.0959735824537
Cedarburg,997,43.2985707800925,-88.0960866511481
Cedarburg,998,43.2962873786401,-88.0975650737425
Cedarburg,999,43.3033623550904,-88.0944138327875
Cedarburg,1000,43.3032794682118,-88.0945350269958
Cedarburg,1001,43.3033432162587,-88.0954421492935
Cedarburg,1002,43.3032576162426,-88.0954395457595
Cedarburg,1003,43.3033218769531,-88.0964516328884
Cedarburg,1004,43.3032363982443,-88.0964484718327
Cedarburg,1005,43.3033032108558,-88.0973708629893
Cedarburg,1006,43.3017592021599,-88.0980616329412
Cedarburg,1007,43.3017679868811,-88.0980383728249
Cedarburg,1008,43.3013044619709,-88.0992370239669
Cedarburg,1009,43.3012498417887,-88.0993777355714
Cedarburg,1010,43.3013750266704,-88.0992936784183
Cedarburg,1011,43.3076615247842,-88.0931565934938
Cedarburg,1012,43.3013221642845,-88.0994287839684
Cedarburg,1013,43.3017619687828,-88.0967183904076
Cedarburg,1014,43.3018530693584,-88.096690916924
Cedarburg,1015,43.3025641391519,-88.0958982024348
Cedarburg,1016,43.3025954165798,-88.0958064167907
Cedarburg,1017,43.3026944286079,-88.0958854772406
Cedarburg,1018,43.3031984810843,-88.0941965254173
Cedarburg,1019,43.3031696235687,-88.0943949359578
Cedarburg,1020,43.3032356541421,-88.0945016882371
Cedarburg,1021,43.2960365808773,-88.0998026420518
Cedarburg,1022,43.2960319944304,-88.0995656956788
Cedarburg,1023,43.3005702618839,-88.1011325040398
Cedarburg,1024,43.3005792076719,-88.1011089846293
Cedarburg,1025,43.3006416567884,-88.101186024999
Cedarburg,1412,43.3110018714476,-88.097812960168
Cedarburg,1026,43.3006506588686,-88.1011629661122
Cedarburg,1027,43.3018130193061,-88.0981610887798
Cedarburg,1028,43.303068113106,-88.0943050472801
Cedarburg,1029,43.298862148057,-88.0934868355234
Cedarburg,1030,43.2987914736263,-88.0935230137211
Cedarburg,1031,43.2990747334449,-88.0939014908669
Cedarburg,1032,43.2990469197347,-88.0939945815195
Cedarburg,1033,43.3003059622328,-88.0954771738785
Cedarburg,1034,43.3002342054654,-88.0953954860187
Cedarburg,1035,43.2992260256545,-88.0980518164649
Cedarburg,1036,43.303158389731,-88.1073428657977
Cedarburg,1037,43.3071946404615,-88.1066382293926
Cedarburg,1038,43.3085736382411,-88.0931684200503
Cedarburg,1039,43.3079860186112,-88.0931607701353
Cedarburg,1040,43.3047669922372,-88.0931136512711
Cedarburg,1041,43.3000710591052,-88.0912410312561
Cedarburg,1042,43.2997101805666,-88.0909224475289
Cedarburg,1043,43.2996672303688,-88.0908349736392
Cedarburg,1044,43.2994796496215,-88.0911811443044
Cedarburg,1045,43.2995433972268,-88.0912373666079
Cedarburg,1046,43.3102742418122,-88.0931908724613
Cedarburg,1047,43.3102757341643,-88.0930408797272
Cedarburg,1048,43.3095699059204,-88.092928679778
Cedarburg,1049,43.3085725557031,-88.0930223268841
Cedarburg,1050,43.3079837406275,-88.0930156109254
Cedarburg,1051,43.2817446909059,-88.1027028198082
Cedarburg,1052,43.2823184341343,-88.1027225568426
Cedarburg,1053,43.2823747394069,-88.1028546947548
Cedarburg,1054,43.2814587642367,-88.1124781423732
Cedarburg,1055,43.2813519359293,-88.1067711327768
Cedarburg,1056,43.2813684394817,-88.1067114488593
Cedarburg,1057,43.2813719371754,-88.106634184686
Cedarburg,1058,43.2814497116588,-88.1054684049602
Cedarburg,1059,43.2814695265536,-88.1044696592974
Cedarburg,1060,43.2815571993222,-88.1032571119413
Cedarburg,1061,43.2815609574689,-88.1032333759515
Cedarburg,1062,43.2831476380669,-88.1061142705253
Cedarburg,1063,43.2831734115714,-88.1063071698172
Cedarburg,1064,43.2844907136166,-88.1067808588842
Cedarburg,1065,43.2850884037981,-88.1054171611145
Cedarburg,1066,43.2849926452773,-88.1054118591817
Cedarburg,1067,43.2860274823369,-88.1070621282285
Cedarburg,1068,43.2859422759388,-88.1070623932351
Cedarburg,1069,43.2875237342149,-88.1048157998122
Cedarburg,1070,43.3072429980756,-88.110803513349
Cedarburg,1071,43.3074854391631,-88.110956473929
Cedarburg,1072,43.3074018582524,-88.1110149794589
Cedarburg,1073,43.304728172939,-88.1107460587198
Cedarburg,1074,43.3047559306971,-88.1108634064202
Cedarburg,1075,43.3074272281773,-88.1107412615677
Cedarburg,1076,43.303906446696,-88.1081875496072
Cedarburg,1077,43.2958056100559,-88.1128480551913
Cedarburg,1078,43.3010814998849,-88.1035130137409
Cedarburg,1079,43.3010803355141,-88.103381922271
Cedarburg,1080,43.301249920423,-88.103530349658
Cedarburg,1081,43.3078965218415,-88.1099301214303
Cedarburg,1082,43.3080787027222,-88.0981126820211
Cedarburg,1083,43.2904813990468,-88.1016750957523
Cedarburg,1084,43.3012783075593,-88.1033864250737
Cedarburg,1085,43.2960817934864,-88.1064008956008
Cedarburg,1086,43.2976294068884,-88.1033449758471
Cedarburg,1087,43.2977190258574,-88.103257003721
Cedarburg,1088,43.3045890939189,-88.1131337312595
Cedarburg,1089,43.3064418114532,-88.1146826319057
Cedarburg,1090,43.3065414283152,-88.1146377255922
Cedarburg,1091,43.3055766955169,-88.1131764713667
Cedarburg,1092,43.3058408465429,-88.1140031925474
Cedarburg,1093,43.3057718246971,-88.1139047804537
Cedarburg,1094,43.305364772435,-88.1206318965506
Cedarburg,1095,43.3052890013573,-88.1206817176847
Cedarburg,1096,43.303770933212,-88.1208280931224
Cedarburg,1097,43.3037748669805,-88.1207133639128
Cedarburg,1098,43.3086863138141,-88.1220749815304
Cedarburg,1099,43.3086761627194,-88.1221886366987
Cedarburg,1100,43.306928161264,-88.1152260817312
Cedarburg,1101,43.3069851049372,-88.1151719416385
Cedarburg,1102,43.3069743752216,-88.1152743958619
Cedarburg,1103,43.3064995886276,-88.1147579121387
Cedarburg,1104,43.3057606735562,-88.1222109893409
Cedarburg,1105,43.3058133813725,-88.1221497245841
Cedarburg,1106,43.3029930363764,-88.1179432358372
Cedarburg,1107,43.3029936785918,-88.1178273853325
Cedarburg,1108,43.3030405878763,-88.1130959228576
Cedarburg,1109,43.3040172719908,-88.1082102129301
Cedarburg,1110,43.3040410242491,-88.1080658893889
Cedarburg,1111,43.3040317896489,-88.1079048496991
Cedarburg,1112,43.3039320417715,-88.1078339439618
Cedarburg,1113,43.3049104830136,-88.1070469858619
Cedarburg,1114,43.3049522361979,-88.1071542168567
Cedarburg,1115,43.3057881208397,-88.106340849547
Cedarburg,1116,43.3071094255551,-88.1071667724533
Cedarburg,1117,43.305817008623,-88.1064581450287
Cedarburg,1118,43.3068362446917,-88.1054965631587
Cedarburg,1119,43.3068583787185,-88.1056202645189
Cedarburg,1120,43.3073478705758,-88.1050842629374
Cedarburg,1121,43.287691676918,-88.1012800360733
Cedarburg,1122,43.2876649255293,-88.1013739502326
Cedarburg,1123,43.307478223524,-88.105123403925
Cedarburg,1124,43.3015375453833,-88.1095401604259
Cedarburg,1125,43.3029861272828,-88.1097607730358
Cedarburg,1126,43.3031015547685,-88.1086708018021
Cedarburg,1127,43.3030053440623,-88.108661271223
Cedarburg,1128,43.301477734559,-88.1128264315834
Cedarburg,1129,43.3029579879598,-88.1108389365506
Cedarburg,1130,43.300773396824,-88.1128982033229
Cedarburg,1131,43.2999406748067,-88.1128775271805
Cedarburg,1132,43.2991471492817,-88.1128830388865
Cedarburg,1133,43.2943801428772,-88.1020078845023
Cedarburg,1134,43.2888878666188,-88.1025717256821
Cedarburg,1135,43.2901270389035,-88.1023557609575
Cedarburg,1136,43.2901268025633,-88.1023344459848
Cedarburg,1137,43.2887688555311,-88.0915178080526
Cedarburg,1138,43.2887112053362,-88.0916077735241
Cedarburg,1139,43.2885299127132,-88.0914643907991
Cedarburg,1140,43.2885676341142,-88.0915739399664
Cedarburg,1141,43.2817204340897,-88.0913634171614
Cedarburg,1142,43.2817197702017,-88.0914366899326
Cedarburg,1143,43.2817045058136,-88.0921747527674
Cedarburg,1144,43.2881129340218,-88.0921757894236
Cedarburg,1145,43.2880862338374,-88.0922145643293
Cedarburg,1146,43.3027458049104,-88.1221597675897
Cedarburg,1147,43.3029053850134,-88.1130862186956
Cedarburg,1148,43.3027706368005,-88.120783511415
Cedarburg,1149,43.3011393165555,-88.1176463668542
Cedarburg,1150,43.3009555488912,-88.1176454494369
Cedarburg,1151,43.301689819795,-88.1175990217038
Cedarburg,1152,43.3018380549893,-88.1175578740744
Cedarburg,1153,43.3017775950465,-88.1176705572015
Cedarburg,1154,43.3013306947743,-88.1173210529747
Cedarburg,1155,43.3013676951785,-88.117241954508
Cedarburg,1156,43.3014793669773,-88.1181374312408
Cedarburg,1157,43.3015644063137,-88.1181902121008
Cedarburg,1158,43.3020972554751,-88.1151017085035
Cedarburg,1159,43.3020061177007,-88.1151030594136
Cedarburg,1160,43.3015090339244,-88.1130482132568
Cedarburg,1161,43.3014652576072,-88.113120127643
Cedarburg,1162,43.3015425878604,-88.1192672366504
Cedarburg,1163,43.3015898806384,-88.1191774657688
Cedarburg,1164,43.301587466692,-88.1190645847925
Cedarburg,1165,43.3013845500048,-88.1131178446201
Cedarburg,1166,43.3007803321917,-88.1131073565489
Cedarburg,1167,43.2998908991506,-88.1131085741507
Cedarburg,1168,43.2990307041785,-88.1130855117537
Cedarburg,1169,43.2982285685435,-88.1130727310062
Cedarburg,1170,43.2970306288243,-88.1193199814121
Cedarburg,1171,43.2969403105743,-88.1193111221214
Cedarburg,1172,43.3013502074576,-88.0888816681722
Cedarburg,1173,43.3013045576564,-88.0887781319559
Cedarburg,1174,43.301021688235,-88.0892395347391
Cedarburg,1175,43.301003903262,-88.0892733930811
Cedarburg,1176,43.3010758118974,-88.0893432266064
Cedarburg,1177,43.3007862389597,-88.0902273599782
Cedarburg,1178,43.3007024910335,-88.0902502912139
Cedarburg,1179,43.301113674891,-88.0908960764593
Cedarburg,1180,43.3011284514304,-88.0910157684064
Cedarburg,1181,43.3008937363421,-88.0911461752644
Cedarburg,1182,43.3011692399916,-88.0923630274685
Cedarburg,1183,43.3011829500983,-88.0922441404774
Cedarburg,1184,43.3017797019486,-88.0922439079354
Cedarburg,1185,43.3005477703249,-88.0918985473578
Cedarburg,1186,43.3005009135259,-88.0919996751805
Cedarburg,1187,43.3004012057286,-88.0920211313439
Cedarburg,1188,43.3003300069574,-88.0919500342951
Cedarburg,1189,43.3001410684996,-88.091208846193
Cedarburg,1190,43.306739690839,-88.119466873028
Cedarburg,1191,43.3066556633972,-88.1194665825874
Cedarburg,1192,43.3057891958828,-88.1197624326853
Cedarburg,1193,43.3067487480639,-88.1156145173611
Cedarburg,1194,43.305887360196,-88.1153547105854
Cedarburg,1195,43.3067953294862,-88.1165992292712
Cedarburg,1196,43.306711575377,-88.1165873462406
Cedarburg,1197,43.3059554509848,-88.1178867789431
Cedarburg,1198,43.3051197328782,-88.1179841818333
Cedarburg,1199,43.3051030874056,-88.1178678000223
Cedarburg,1200,43.3030191342302,-88.1156650124516
Cedarburg,1201,43.3030193890259,-88.1157812902604
Cedarburg,1202,43.310030767694,-88.1209925519232
Cedarburg,1203,43.309053245181,-88.1132029211785
Cedarburg,1204,43.3029292750875,-88.1187141836846
Cedarburg,1205,43.3075638776299,-88.1220351752649
Cedarburg,1206,43.3074936403575,-88.12216262804
Cedarburg,1207,43.3028657897467,-88.122166256382
Cedarburg,1208,43.3058617264739,-88.1131414778193
Cedarburg,1209,43.3058716738205,-88.1131414248492
Cedarburg,1210,43.3059428607354,-88.113143048771
Cedarburg,1211,43.3056372664798,-88.113186508242
Cedarburg,1212,43.3058719894383,-88.1197946909787
Cedarburg,1213,43.3029747806386,-88.1194741532456
Cedarburg,1214,43.3037450191623,-88.119684834084
Cedarburg,1215,43.3037937273691,-88.1196185010909
Cedarburg,1216,43.3037941127685,-88.1195032438983
Cedarburg,1217,43.3028909717408,-88.1207820509847
Cedarburg,1218,43.3100968463743,-88.1180969280031
Cedarburg,1219,43.3076580646339,-88.1165782390554
Cedarburg,1220,43.3075738809448,-88.1165681507464
Cedarburg,1221,43.3067911014805,-88.1180292685549
Cedarburg,1222,43.3066663483897,-88.1180311089959
Cedarburg,1223,43.3059440394164,-88.1180047691168
Cedarburg,1224,43.3059246476737,-88.1166881429472
Cedarburg,1225,43.3042757373611,-88.1178544730583
Cedarburg,1226,43.3051148752304,-88.1159491705599
Cedarburg,1227,43.3050313083556,-88.1159554098895
Cedarburg,1228,43.3046973236937,-88.1131285794941
Cedarburg,1229,43.3005592995203,-88.1068211144575
Cedarburg,1230,43.3006944495508,-88.1068747216249
Cedarburg,1231,43.3031373177309,-88.1062273548164
Cedarburg,1232,43.3043591064668,-88.1062220122768
Cedarburg,1233,43.3043579113179,-88.1063227065168
Cedarburg,1234,43.3056416837245,-88.1036106301232
Cedarburg,1554,43.2940879798513,-88.1039496678341
Cedarburg,1235,43.3056535169382,-88.1034885076286
Cedarburg,1236,43.3089830831571,-88.1129880197835
Cedarburg,1237,43.3080165061988,-88.109651691056
Cedarburg,1238,43.3080549817917,-88.1093019086645
Cedarburg,1239,43.3080774788452,-88.1090594978653
Cedarburg,1240,43.3080971883468,-88.1088708370403
Cedarburg,1241,43.3081426321176,-88.1085674718688
Cedarburg,1242,43.308183755332,-88.1082634143565
Cedarburg,1243,43.3134067820535,-88.1158842285027
Cedarburg,1244,43.3030487523835,-88.1119585258891
Cedarburg,1245,43.3030531458589,-88.111776955914
Cedarburg,1246,43.3095406176589,-88.1061149079607
Cedarburg,1247,43.3096281296099,-88.1060539410103
Cedarburg,1248,43.308818503147,-88.1053677116654
Cedarburg,1249,43.3088465882061,-88.105217635716
Cedarburg,1250,43.3084665439028,-88.1056459761625
Cedarburg,1251,43.3083970821969,-88.1057445197786
Cedarburg,1252,43.3076728085674,-88.1063887002498
Cedarburg,1253,43.3076160358383,-88.1063664603506
Cedarburg,1254,43.3077423460348,-88.1063151637454
Cedarburg,1255,43.3088226694912,-88.1066244372677
Cedarburg,1256,43.3087486519792,-88.1066791536667
Cedarburg,1257,43.3092523159621,-88.1049315056005
Cedarburg,1258,43.3092901993438,-88.1050341212853
Cedarburg,1259,43.3030406749419,-88.112857149834
Cedarburg,1260,43.3055750683949,-88.1118404748194
Cedarburg,1261,43.305906966566,-88.1130191961265
Cedarburg,1262,43.305877628559,-88.1129318362566
Cedarburg,1263,43.3056731267757,-88.1118440455331
Cedarburg,1264,43.3056578454653,-88.1120375795507
Cedarburg,1265,43.3055713254883,-88.1124411539583
Cedarburg,1266,43.3088796376624,-88.1040621018785
Cedarburg,1267,43.3087898668828,-88.1041270879757
Cedarburg,1268,43.3095660419515,-88.1034554645656
Cedarburg,1269,43.3058188422219,-88.1051847603928
Cedarburg,1270,43.3128661465605,-88.1032263911053
Cedarburg,1271,43.3131719659683,-88.1032184216722
Cedarburg,1272,43.3158987621039,-88.1032636353697
Cedarburg,1273,43.3131704755851,-88.1031272735307
Cedarburg,1274,43.3139916196352,-88.1014129159995
Cedarburg,1275,43.3139143376655,-88.101476065903
Cedarburg,1276,43.3138439630396,-88.1014526949923
Cedarburg,1277,43.3137972617268,-88.1013477407838
Cedarburg,1278,43.3143536428903,-88.1012329712175
Cedarburg,1279,43.3143581597895,-88.1011105052123
Cedarburg,1280,43.3143672309571,-88.0999575572454
Cedarburg,1281,43.3107466972199,-88.1030299492593
Cedarburg,1282,43.3107442999474,-88.1031321034287
Cedarburg,1283,43.3121489789453,-88.1020836712796
Cedarburg,1284,43.3111102391837,-88.1029409620209
Cedarburg,1285,43.3111993096827,-88.1029483349733
Cedarburg,1286,43.3118949384232,-88.1020788108742
Cedarburg,1287,43.3121986678519,-88.1021542656154
Cedarburg,1288,43.312198486496,-88.1022767548187
Cedarburg,1289,43.3112576740838,-88.1022593158549
Cedarburg,1290,43.3112590905285,-88.1021369244492
Cedarburg,1291,43.3112087783005,-88.1020730890023
Cedarburg,1292,43.3112065454182,-88.1023285134529
Cedarburg,1293,43.3111205134758,-88.1020604014102
Cedarburg,1294,43.3112110652225,-88.1010298675804
Cedarburg,1295,43.3113069251154,-88.1010295749935
Cedarburg,1296,43.3126880141743,-88.1002467027943
Cedarburg,1297,43.3127776198391,-88.1002405511064
Cedarburg,1298,43.3128373130021,-88.1001657510903
Cedarburg,1299,43.3128321523035,-88.1000429019224
Cedarburg,1300,43.3126165817735,-88.1000552440921
Cedarburg,1301,43.3125907021729,-88.1001802671053
Cedarburg,1302,43.3133990726288,-88.10036766961
Cedarburg,1303,43.2969509878494,-88.1187244915922
Cedarburg,1304,43.2970418285685,-88.1187402481534
Cedarburg,1305,43.2961411550441,-88.1184201630624
Cedarburg,1306,43.2963782649964,-88.1184113855234
Cedarburg,1307,43.2964257750124,-88.1182898235688
Cedarburg,1308,43.2958478097861,-88.1134286962418
Cedarburg,1309,43.2958607765157,-88.1134291587623
Cedarburg,1310,43.2957543711178,-88.1150320196466
Cedarburg,1311,43.2957603244962,-88.1152519388686
Cedarburg,1312,43.2957124255982,-88.1167236524167
Cedarburg,1313,43.2957680491403,-88.1181245275427
Cedarburg,1314,43.2957662381262,-88.1182480787977
Cedarburg,1315,43.2956801280814,-88.1183371758739
Cedarburg,1316,43.2956622474788,-88.1192054566507
Cedarburg,1317,43.2956414832445,-88.120201956812
Cedarburg,1318,43.2956502753135,-88.1203098015529
Cedarburg,1319,43.3029396280505,-88.1180110842334
Cedarburg,1320,43.3042617619738,-88.117963416069
Cedarburg,1321,43.3029697534858,-88.119587090235
Cedarburg,1322,43.3029110030081,-88.119665480014
Cedarburg,1323,43.3036587711268,-88.1196793341052
Cedarburg,1324,43.3036363450987,-88.1207486144923
Cedarburg,1325,43.3037446621684,-88.121969063645
Cedarburg,1326,43.3035713652775,-88.1219644803835
Cedarburg,1327,43.3036482231009,-88.1220790900291
Cedarburg,1328,43.3058480999992,-88.11667417669
Cedarburg,1329,43.3056872099466,-88.1222139127261
Cedarburg,1330,43.3083252812078,-88.1208856924858
Cedarburg,1331,43.3083277453788,-88.1207705019447
Cedarburg,1332,43.307490299223,-88.1208394233462
Cedarburg,1333,43.3075772270313,-88.1206914535006
Cedarburg,1334,43.3075831369742,-88.1208862382026
Cedarburg,1335,43.3067247230744,-88.1220179805732
Cedarburg,1336,43.306684516314,-88.1221457866543
Cedarburg,1337,43.3066411836495,-88.1212330454147
Cedarburg,1338,43.3067247386068,-88.1212342269971
Cedarburg,1339,43.3067325900776,-88.120377605862
Cedarburg,1340,43.3066485113248,-88.1203876536521
Cedarburg,1341,43.2915311541809,-88.1159458084052
Cedarburg,1342,43.291113494018,-88.1164930835042
Cedarburg,1343,43.291177874669,-88.1165733857732
Cedarburg,1344,43.2922722396081,-88.1167246252326
Cedarburg,1345,43.2922160785294,-88.1166312727159
Cedarburg,1346,43.2920575562843,-88.1168103822048
Cedarburg,1347,43.2921161116462,-88.1169023355693
Cedarburg,1348,43.2915117103693,-88.1176000021425
Cedarburg,1349,43.2915665257849,-88.1177004711527
Cedarburg,1350,43.2927407025438,-88.1174971175164
Cedarburg,1351,43.2926878319875,-88.1177136110776
Cedarburg,1352,43.3046325330323,-88.0931142241125
Cedarburg,1353,43.3038820987628,-88.0931057784701
Cedarburg,1354,43.3036415544566,-88.0935287526095
Cedarburg,1355,43.3035461602561,-88.0933350964836
Cedarburg,1356,43.3011536812288,-88.089923495596
Cedarburg,1357,43.2990125405847,-88.0923015789362
Cedarburg,1358,43.298952598156,-88.0922379524775
Cedarburg,1359,43.2987226075726,-88.092878511287
Cedarburg,1360,43.2986470761852,-88.0928735819829
Cedarburg,1361,43.3017811532802,-88.0908611464118
Cedarburg,1362,43.3017663378523,-88.090743552686
Cedarburg,1363,43.3021385312361,-88.0897243336774
Cedarburg,1364,43.3148802646943,-88.121417908468
Cedarburg,1365,43.3147982953291,-88.1214599138946
Cedarburg,1366,43.3160401634477,-88.1211908045803
Cedarburg,1367,43.3158973034085,-88.1229717475529
Cedarburg,1368,43.3158259890407,-88.11959370869
Cedarburg,1369,43.316641314976,-88.117974023542
Cedarburg,1370,43.3162900823325,-88.1170225625163
Cedarburg,1371,43.3163003258941,-88.1169043280214
Cedarburg,1372,43.3162752246991,-88.1190521731026
Cedarburg,1373,43.3161990627952,-88.1189920581634
Cedarburg,1374,43.3162870097902,-88.1187899307005
Cedarburg,1375,43.3163614325661,-88.1188537800112
Cedarburg,1376,43.3163769685999,-88.1189264439623
Cedarburg,1377,43.316970560276,-88.1171317062051
Cedarburg,1378,43.3169392775277,-88.1194802192338
Cedarburg,1379,43.3127533771534,-88.1180157466214
Cedarburg,1380,43.3127439583603,-88.1181385267565
Cedarburg,1381,43.3126932744123,-88.1182139205309
Cedarburg,1382,43.3126229434409,-88.1182214981901
Cedarburg,1383,43.3125709771912,-88.1193277807619
Cedarburg,1384,43.3119313484628,-88.118009525092
Cedarburg,1385,43.3134796666521,-88.1003043131504
Cedarburg,1386,43.3128147116494,-88.1020545777669
Cedarburg,1387,43.3128392099948,-88.1021717232829
Cedarburg,1388,43.3145502522138,-88.1011174463999
Cedarburg,1389,43.314547442216,-88.1012401172795
Cedarburg,1390,43.3164326286715,-88.094163542923
Cedarburg,1391,43.3166080094856,-88.0944824258741
Cedarburg,1392,43.3163912279279,-88.0955169760212
Cedarburg,1393,43.3164169245569,-88.095635283404
Cedarburg,1394,43.3164688419927,-88.0954155617779
Cedarburg,1395,43.3165557007132,-88.0954115872683
Cedarburg,1396,43.3175746960541,-88.0965882759776
Cedarburg,1397,43.3175750154169,-88.0965722130624
Cedarburg,1398,43.3174876602893,-88.096567470927
Cedarburg,1399,43.3174875658574,-88.0965837401199
Cedarburg,1400,43.3176449411952,-88.0959799252634
Cedarburg,1401,43.3175394317741,-88.0959273302027
Cedarburg,1402,43.3174988798305,-88.0957926910481
Cedarburg,1403,43.3175330378811,-88.0956826040415
Cedarburg,1404,43.3176348272213,-88.095631520805
Cedarburg,1405,43.3166348676976,-88.0933541073083
Cedarburg,1406,43.3156763567663,-88.0933600516994
Cedarburg,1407,43.3156537177546,-88.0933581673472
Cedarburg,1408,43.3108812985829,-88.0977167449868
Cedarburg,1409,43.312728626791,-88.0932535384278
Cedarburg,1410,43.3128671165151,-88.0932561293608
Cedarburg,1411,43.3110189097377,-88.0932210226138
Cedarburg,1413,43.316634861947,-88.0932036081952
Cedarburg,1414,43.3156535379723,-88.0932076008891
Cedarburg,1415,43.3156812781429,-88.0932103254918
Cedarburg,1416,43.3145756980725,-88.093272758768
Cedarburg,1417,43.3145785818255,-88.0931233074514
Cedarburg,1418,43.312871216188,-88.0930099122119
Cedarburg,1419,43.3126866193925,-88.0930857490435
Cedarburg,1420,43.3116980552027,-88.093214602068
Cedarburg,1421,43.3116990994388,-88.0930648898923
Cedarburg,1422,43.3112029162779,-88.0932039841357
Cedarburg,1423,43.3112039477287,-88.09305458676
Cedarburg,1424,43.3168907081265,-88.1143476193226
Cedarburg,1425,43.3161461882261,-88.1142794942065
Cedarburg,1426,43.316062726065,-88.1142814857024
Cedarburg,1427,43.314896539357,-88.1140312779965
Cedarburg,1428,43.3107555507061,-88.1161217074727
Cedarburg,1429,43.3103686709762,-88.1181182269083
Cedarburg,1430,43.3114397821576,-88.1181229768016
Cedarburg,1431,43.3126176532677,-88.117956616568
Cedarburg,1432,43.3126997963646,-88.1179597584619
Cedarburg,1433,43.3142422614931,-88.1171933811294
Cedarburg,1434,43.3142032419055,-88.1173004221937
Cedarburg,1435,43.3142167999216,-88.1173888695525
Cedarburg,1436,43.3160367705831,-88.1156979381718
Cedarburg,1437,43.3161284392027,-88.1156951027884
Cedarburg,1438,43.3151665910484,-88.1181645218138
Cedarburg,1439,43.3152422013409,-88.1182209105974
Cedarburg,1440,43.3163768440022,-88.1179497768234
Cedarburg,1441,43.316333860502,-88.1190318949677
Cedarburg,1442,43.3168593601818,-88.1195275478717
Cedarburg,1443,43.3134422794884,-88.1182028318088
Cedarburg,1444,43.3135278514637,-88.1182204180416
Cedarburg,1445,43.3139677565428,-88.1192579748368
Cedarburg,1446,43.3144029557382,-88.1201080652666
Cedarburg,1447,43.3143061051704,-88.1171758595037
Cedarburg,1448,43.314380559203,-88.1172391415519
Cedarburg,1449,43.3144017315814,-88.1173239221334
Cedarburg,1450,43.3143504823753,-88.1174198345401
Cedarburg,1451,43.3142956873768,-88.1174362081098
Cedarburg,1452,43.313568263577,-88.1181509004681
Cedarburg,1453,43.2936312518629,-88.1028737396881
Cedarburg,1454,43.315664495866,-88.1194812119917
Cedarburg,1455,43.3153437903706,-88.1180860559936
Cedarburg,1456,43.3153030417814,-88.1181941148629
Cedarburg,1457,43.3144404351429,-88.1202172364787
Cedarburg,1458,43.3167200660422,-88.1182268825912
Cedarburg,1459,43.3166179135423,-88.1183748209483
Cedarburg,1460,43.3164694267407,-88.1182539039481
Cedarburg,1461,43.3167110052833,-88.1180286024842
Cedarburg,1462,43.3102526172375,-88.1191647077682
Cedarburg,1463,43.3119604590102,-88.1182076978129
Cedarburg,1464,43.3157448263829,-88.1142524101663
Cedarburg,1465,43.3101440163236,-88.1179795336438
Cedarburg,1466,43.3111050831229,-88.1204282857014
Cedarburg,1467,43.311461961847,-88.1204244408445
Cedarburg,1468,43.3124842058792,-88.1193228663117
Cedarburg,1469,43.311646181359,-88.118125431886
Cedarburg,1470,43.3116475599795,-88.1180064880178
Cedarburg,1471,43.3115852721535,-88.1182119327743
Cedarburg,1472,43.3114973345738,-88.1182142740307
Cedarburg,1473,43.3156491905156,-88.1140700447378
Cedarburg,1474,43.3156460309154,-88.1141825287522
Cedarburg,1475,43.3170012590445,-88.1154451154886
Cedarburg,1476,43.3162468585224,-88.1142068409065
Cedarburg,1477,43.3162483482715,-88.1140881038898
Cedarburg,1478,43.312581392203,-88.1085799430451
Cedarburg,1479,43.2907646901632,-88.0983332612563
Cedarburg,1480,43.3133547891423,-88.1094122730087
Cedarburg,1481,43.3132327842061,-88.1095968406546
Cedarburg,1482,43.3135813973127,-88.1107229086949
Cedarburg,1483,43.3127080481836,-88.1127371472534
Cedarburg,1484,43.3127309754175,-88.1128632994713
Cedarburg,1485,43.3124982367552,-88.1129339423155
Cedarburg,1486,43.3128584414645,-88.103369432672
Cedarburg,1487,43.3108619042071,-88.1047418995344
Cedarburg,1488,43.3153273060499,-88.1049011015489
Cedarburg,1489,43.3153061221236,-88.1071156307149
Cedarburg,1490,43.3155596912407,-88.1043358875552
Cedarburg,1491,43.3155455982309,-88.1044472414739
Cedarburg,1492,43.3148595553378,-88.1074838114718
Cedarburg,1493,43.3147502875594,-88.1074812947626
Cedarburg,1494,43.3149198940703,-88.1075733219668
Cedarburg,1495,43.3149065084883,-88.1045185928561
Cedarburg,1496,43.3104686463791,-88.1058667669565
Cedarburg,1497,43.3103938079582,-88.1059179479715
Cedarburg,1498,43.3109812391154,-88.1047571022915
Cedarburg,1499,43.3148947763996,-88.1054998937685
Cedarburg,1500,43.3124656138219,-88.1053555284316
Cedarburg,1501,43.3124857687656,-88.105469893513
Cedarburg,1502,43.310926317064,-88.1046351309197
Cedarburg,1503,43.3113234752019,-88.1056514221351
Cedarburg,1504,43.3112764369003,-88.1055377549237
Cedarburg,1505,43.3111930463382,-88.1056379201783
Cedarburg,1506,43.3116919117261,-88.1068918534587
Cedarburg,1507,43.3116708250119,-88.1067433011321
Cedarburg,1508,43.3116057084174,-88.1068139252449
Cedarburg,1509,43.3126879981577,-88.1076559698192
Cedarburg,1510,43.3125842170678,-88.1081245841817
Cedarburg,1511,43.3126218624724,-88.1087167002554
Cedarburg,1512,43.3126688841174,-88.1081300462202
Cedarburg,1513,43.312716113519,-88.108485252962
Cedarburg,1514,43.3156842300486,-88.1061005486046
Cedarburg,1515,43.3157714152407,-88.1061015942331
Cedarburg,1516,43.3142399481737,-88.1032879502525
Cedarburg,1517,43.313555597424,-88.1076636528885
Cedarburg,1518,43.3107457388119,-88.1032067015449
Cedarburg,1519,43.3107444228405,-88.1032689063416
Cedarburg,1520,43.2814712867763,-88.0968828573713
Cedarburg,1521,43.2814718970633,-88.0968529821149
Cedarburg,1522,43.2793478984961,-88.0997020282103
Cedarburg,1523,43.2793458504779,-88.0995641935731
Cedarburg,1524,43.2814439302218,-88.0983348542849
Cedarburg,1525,43.2814133823076,-88.0998790757368
Cedarburg,1526,43.2814228223988,-88.1006346916313
Cedarburg,1527,43.2815457026747,-88.0930950011175
Cedarburg,1528,43.2815140792784,-88.0947810899669
Cedarburg,1529,43.281515418747,-88.0947063039785
Cedarburg,1530,43.2814929831452,-88.0957156024804
Cedarburg,1531,43.2815772802328,-88.0914530017648
Cedarburg,1532,43.2815785776725,-88.0913799249902
Cedarburg,1533,43.281564395231,-88.092169608576
Cedarburg,1534,43.2815260666375,-88.0940749907994
Cedarburg,1535,43.2816510052274,-88.1024965771528
Cedarburg,1536,43.2813852989285,-88.1089132119438
Cedarburg,1537,43.2812463857735,-88.1088678703268
Cedarburg,1538,43.2811743116505,-88.1125619294957
Cedarburg,1539,43.2813118968782,-88.11257061863
Cedarburg,1540,43.2811376348817,-88.1147780522909
Cedarburg,1541,43.2929657294429,-88.1015478470752
Cedarburg,1542,43.2928592990366,-88.1016475150611
Cedarburg,1543,43.290717711591,-88.0982583713031
Cedarburg,1544,43.2907944142744,-88.0981717994902
Cedarburg,1545,43.2904032194848,-88.0975315158385
Cedarburg,1546,43.3135150756303,-88.1128930721535
Cedarburg,1547,43.3129433041719,-88.1129464178908
Cedarburg,1548,43.3107063948633,-88.1075738747253
Cedarburg,1549,43.31068381578,-88.1074620820275
Cedarburg,1550,43.2936953895978,-88.1028000625034
Cedarburg,1551,43.2940623875013,-88.1033068531648
Cedarburg,1552,43.2942814814602,-88.1037256934241
Cedarburg,1553,43.2942161523246,-88.1037993396149
Cedarburg,1555,43.310814329729,-88.1074312910857
Cedarburg,1556,43.3126776730138,-88.1074634150759
Cedarburg,1557,43.3125925701737,-88.1075573373116
Cedarburg,1558,43.3125550193683,-88.1067086123281
Cedarburg,1559,43.3142889079318,-88.105482483347
Cedarburg,1560,43.314280074867,-88.106620514598
Cedarburg,1561,43.3155034598896,-88.108157566922
Cedarburg,1562,43.2944573217577,-88.0987647274044
Cedarburg,1563,43.3147332250417,-88.1077878131578
Cedarburg,1564,43.3124092977973,-88.1067683774214
Cedarburg,1565,43.3124496978858,-88.1066143099984
Cedarburg,1566,43.3133017761273,-88.1059796553492
Cedarburg,1567,43.3132167092262,-88.1059217501315
Cedarburg,1568,43.3132160274641,-88.1060936894655
Cedarburg,1569,43.311525275318,-88.1043726395882
Cedarburg,1570,43.3121776267714,-88.1042788252216
Cedarburg,1571,43.3121784977732,-88.1043918933209
Cedarburg,1572,43.3129796204272,-88.1042803767228
Cedarburg,1573,43.3131705555157,-88.1033721519718
Cedarburg,1574,43.3131712541213,-88.1032881637456
Cedarburg,1575,43.3129808235003,-88.1044221336976
Cedarburg,1576,43.3128723895972,-88.1044215891838
Cedarburg,1577,43.313583184889,-88.1044360911915
Cedarburg,1578,43.3136970356168,-88.104433988687
Cedarburg,1579,43.3136441486582,-88.1043058624648
Cedarburg,1580,43.3148033761246,-88.1045177832532
Cedarburg,1581,43.3147196062906,-88.1043132098317
Cedarburg,1582,43.3147205812043,-88.1044308097249
Cedarburg,1583,43.3149905465147,-88.1044364446473
Cedarburg,1584,43.3149876538442,-88.1043209076865
Cedarburg,1585,43.3134108403931,-88.1095042183544
Cedarburg,1586,43.3128373044026,-88.1106068298479
Cedarburg,1587,43.3127537085206,-88.1105925778328
Cedarburg,1588,43.3136614441958,-88.1105033049623
Cedarburg,1589,43.3136575108009,-88.1107247889873
Cedarburg,1590,43.313344458848,-88.1096662283103
Cedarburg,1591,43.3132826508782,-88.1096719903371
Cedarburg,1592,43.3147643488598,-88.1067008465507
Cedarburg,1593,43.3148493120153,-88.1077580894077
Cedarburg,1594,43.3149129426015,-88.1076932203461
Cedarburg,1595,43.3118770820238,-88.1103826107631
Cedarburg,1596,43.3119614126525,-88.1103881011086
Cedarburg,1597,43.3046607877375,-88.1084813909512
Cedarburg,1598,43.3046162992106,-88.108596298736
Cedarburg,1599,43.3134376017185,-88.1157869681011
Cedarburg,1600,43.3134291363472,-88.1156035411231
Cedarburg,1601,43.3130363086437,-88.1154619817572
Cedarburg,1602,43.3130761334946,-88.115317253502
Cedarburg,1603,43.3126779604388,-88.1149940596288
Cedarburg,1604,43.3126311430515,-88.1151338372083
Cedarburg,1605,43.3125936932752,-88.1152662680355
Cedarburg,1606,43.3121353414303,-88.1145537601878
Cedarburg,1607,43.3120756229611,-88.1146831621826
Cedarburg,1608,43.3114450627952,-88.1139910874948
Cedarburg,1609,43.3114218598141,-88.113972417114
Cedarburg,1610,43.3114306997582,-88.1139481059399
Cedarburg,1611,43.3113768095171,-88.1141168405821
Cedarburg,1612,43.3113662040055,-88.1141079510887
Cedarburg,1613,43.3096721990136,-88.1125541715769
Cedarburg,1614,43.3095840660089,-88.1126305518223
Cedarburg,1615,43.3091249900135,-88.1121111835579
Cedarburg,1616,43.3090778163648,-88.1122195493939
Cedarburg,1617,43.308296475123,-88.1114420949168
Cedarburg,1618,43.3082507411223,-88.1115497654163
Cedarburg,1619,43.3118820760991,-88.1128349376081
Cedarburg,1620,43.3119518428838,-88.1127188561766
Cedarburg,1621,43.3118000083331,-88.1127145360327
Cedarburg,1622,43.2935289107876,-88.1028912601129
Cedarburg,1623,43.3043726616526,-88.1061045292124
Cedarburg,1624,43.304039135223,-88.1261785829092
Cedarburg,1625,43.3031790116015,-88.1258493938816
Cedarburg,1626,43.3006135047095,-88.1056392259596
Cedarburg,1627,43.2918418728535,-88.0945589828982
Cedarburg,1628,43.281972625314,-88.1129460072954
Cedarburg,1629,43.3055240157897,-88.1131308728418
Cedarburg,1630,43.3055223075429,-88.1129193850556
Cedarburg,1631,43.3058558650201,-88.1129296737052
Cedarburg,1632,43.3046438231663,-88.1106949530418
Cedarburg,1633,43.3047157378378,-88.1109429143688
Cedarburg,1634,43.304639504183,-88.1109139640471
Cedarburg,1635,43.3102177278974,-88.0965221963555
Cedarburg,1636,43.3102179669924,-88.0961908896
Cedarburg,1637,43.3101538373922,-88.096447283524
Cedarburg,1638,43.3082228374914,-88.0955046577692
Cedarburg,1639,43.3011383966903,-88.1107842974839
Cedarburg,1640,43.3000151398168,-88.110769532843
Cedarburg,1641,43.2999007874038,-88.1108393867507
Cedarburg,1642,43.2998442270397,-88.1108403273808
Cedarburg,1643,43.2997817118715,-88.1108414477699
Cedarburg,1644,43.2999669012324,-88.1108397820016
Cedarburg,1645,43.2962000202752,-88.1106931456456
Cedarburg,1646,43.2961982409819,-88.1105764768315
Cedarburg,1647,43.3020325686402,-88.1108078338291
Cedarburg,1648,43.3025515140128,-88.1108195018396
Cedarburg,1649,43.3025497331361,-88.1107119142269
Cedarburg,1650,43.2997360192833,-88.1106468240663
Cedarburg,1651,43.2933220274734,-88.1275059207155
Cedarburg,1652,43.293302722755,-88.1273842752339
Cedarburg,1653,43.2926915666041,-88.1269905846896
Cedarburg,1654,43.2926077556448,-88.1270480562525
Cedarburg,1655,43.2922621046513,-88.1265538109167
Cedarburg,1656,43.2921592978166,-88.1265919096829
Cedarburg,1657,43.2921592978166,-88.1265919096829
Cedarburg,1658,43.2918738585965,-88.1256190780661
Cedarburg,1659,43.2919575160812,-88.1256217857264
Cedarburg,1660,43.292049966219,-88.1254728340266
Cedarburg,1661,43.2920519466043,-88.1253583070037
Cedarburg,1662,43.2926653887905,-88.1254152784376
Cedarburg,1663,43.2927393634527,-88.1252464465484
Cedarburg,1664,43.2936614036244,-88.122964113017
Cedarburg,1665,43.2935777421126,-88.1229617689831
Cedarburg,1666,43.2935742620135,-88.1231951913487
Cedarburg,1667,43.2936579090662,-88.1231977518604
Cedarburg,1668,43.294173078608,-88.1261483122329
Cedarburg,1669,43.2940894299926,-88.1261444410923
Cedarburg,1670,43.2941610069927,-88.1273208150058
Cedarburg,1671,43.2940773727931,-88.1273155131757
Cedarburg,1672,43.2942679663453,-88.127446130609
Cedarburg,1673,43.2950086897416,-88.1275851860807
Cedarburg,1674,43.2949867466429,-88.1275844627292
Cedarburg,1675,43.2949887660827,-88.127469931585
Cedarburg,1676,43.2950107074024,-88.1274706561826
Cedarburg,1677,43.295426507826,-88.1277478216696
Cedarburg,1678,43.2954135735289,-88.1281883234671
Cedarburg,1679,43.2911698440016,-88.1254788327901
Cedarburg,1680,43.2911506835968,-88.1253673196224
Cedarburg,1681,43.2909112590438,-88.1256338172178
Cedarburg,1682,43.2908932694864,-88.1256510303271
Cedarburg,1683,43.2908445650012,-88.1255578134935
Cedarburg,1684,43.2939263658585,-88.1245982531711
Cedarburg,1685,43.2939070830882,-88.1245710950508
Cedarburg,1686,43.293987601583,-88.124520175557
Cedarburg,1687,43.2939657814209,-88.1244895566282
Cedarburg,1688,43.3094858133638,-88.0941985629693
Cedarburg,1689,43.307557546817,-88.0932570225766
Cedarburg,1690,43.303881297942,-88.0930951874068
Cedarburg,1691,43.2966884562117,-88.0967993697191
Cedarburg,1692,43.3147836627473,-88.1056112618697
Cedarburg,1693,43.3147840582587,-88.1056111139275
Cedarburg,1694,43.2816682064975,-88.0917399150051
Cedarburg,1695,43.2848781189177,-88.0952309275989
Cedarburg,1696,43.2947667685646,-88.1134531375488
Cedarburg,1697,43.2945566712674,-88.1134618914146
Cedarburg,1698,43.2901422234386,-88.1003589720848
Cedarburg,1699,43.2904822513681,-88.1015884912902
Cedarburg,1700,43.2933893962066,-88.1134581443054
Cedarburg,1701,43.3150007348475,-88.1030970111158
Cedarburg,1702,43.3149570421275,-88.1028105581142
Cedarburg,1703,43.3055247749629,-88.0969585052539
Cedarburg,1704,43.3054351564817,-88.098589353052
Cedarburg,1705,43.305608813023,-88.098595246996
Cedarburg,1706,43.3055697496965,-88.0983992029285
Cedarburg,1707,43.3154555042448,-88.1030178238971
Cedarburg,1708,43.3153671521782,-88.1030191705337
Cedarburg,1709,43.2944206098135,-88.1021057827547
Cedarburg,1710,43.2948883138884,-88.1019073526703
Cedarburg,1711,43.2940406866222,-88.1023252752661
Cedarburg,1712,43.2917268708597,-88.11111085487
Cedarburg,1713,43.2916839715693,-88.1110018509036
Cedarburg,1714,43.2937395417484,-88.1110303579568
Cedarburg,1715,43.2937010064363,-88.1109117138805
Cedarburg,1716,43.2923915732566,-88.110842751532
Cedarburg,1717,43.2924729198277,-88.1108438613588
Cedarburg,1718,43.2918439060512,-88.1000399640718
Cedarburg,1719,43.3084018206028,-88.1043893375036
Cedarburg,1720,43.3083303124004,-88.1042942790702
Cedarburg,1721,43.2941639504639,-88.1276728456114
Cedarburg,1722,43.2940803143967,-88.1276677578365
Cedarburg,1723,43.2940663007259,-88.1295338565977
Cedarburg,1724,43.2940677969036,-88.1289164678143
Cedarburg,1725,43.2941518821588,-88.1289222140641
Cedarburg,1726,43.2936583089941,-88.1292281120043
Cedarburg,1727,43.2936594914545,-88.1291138347407
Cedarburg,1728,43.2893969090144,-88.1016235405759
Cedarburg,1729,43.2893746496272,-88.1017156877868
Cedarburg,1730,43.2887343075642,-88.1017983527476
Cedarburg,1731,43.28882625653,-88.1016971783361
Cedarburg,1732,43.2883683025212,-88.1021827889514
Cedarburg,1733,43.2881894517224,-88.102218933559
Cedarburg,1734,43.293966798719,-88.127690678315
Cedarburg,1735,43.3177677688021,-88.1004120565013
Cedarburg,1736,43.2933618218245,-88.129107250931
Cedarburg,1737,43.2933591754514,-88.1292303797537
Cedarburg,1738,43.292552650386,-88.1290923589518
Cedarburg,1739,43.2925684003126,-88.1289105363754
Cedarburg,1740,43.292537922045,-88.1292112607555
Cedarburg,1741,43.2919540287882,-88.1288189136365
Cedarburg,1742,43.2918839532514,-88.1288900795363
Cedarburg,1743,43.2915223391789,-88.1278776760556
Cedarburg,1744,43.2913634466994,-88.127850914721
Cedarburg,1745,43.2910053637914,-88.1276148931206
Cedarburg,1746,43.2910835052953,-88.1275309002822
Cedarburg,1747,43.2906632458946,-88.1284999830705
Cedarburg,1748,43.2905761536819,-88.1284971699634
Cedarburg,1749,43.2905767741255,-88.1284622973366
Cedarburg,1750,43.2905130250119,-88.1299120026494
Cedarburg,1751,43.2905908902041,-88.1267837629657
Cedarburg,1752,43.2900558621626,-88.1074055800465
Cedarburg,1753,43.2901328075836,-88.1072985390655
Cedarburg,1754,43.2924247669264,-88.1085983596282
Cedarburg,1755,43.2923371861155,-88.1086642123907
Cedarburg,1756,43.2922135002689,-88.1080500088343
Cedarburg,1757,43.292682111657,-88.1092806458933
Cedarburg,1758,43.2919132196254,-88.1093075090885
Cedarburg,1759,43.2910219122619,-88.1062733051785
Cedarburg,1760,43.2908850008747,-88.1063549949902
Cedarburg,1761,43.2909796166399,-88.106354215849
Cedarburg,1762,43.2910083239772,-88.1072931197782
Cedarburg,1763,43.2908776489128,-88.1079645370254
Cedarburg,1764,43.2909726963602,-88.1079575359485
Cedarburg,1765,43.2885275963529,-88.1017549950434
Cedarburg,1766,43.287962255065,-88.1014098636823
Cedarburg,1767,43.3032492609267,-88.1038733979843
Cedarburg,1768,43.3076977390753,-88.1179252580871
Cedarburg,1769,43.3076973135622,-88.1180454223804
Cedarburg,1770,43.3075433195927,-88.1181204514535
Cedarburg,1771,43.3076283279406,-88.1181220215635
Cedarburg,1772,43.3075031414965,-88.1179208720824
Cedarburg,1773,43.3075005633343,-88.118041098813
Cedarburg,1774,43.3076991937672,-88.1183176560688
Cedarburg,1775,43.3076143122001,-88.1188113833045
Cedarburg,1776,43.3075306842949,-88.1188088929851
Cedarburg,1777,43.2979955702623,-88.1130714553187
Cedarburg,1778,43.3140746845551,-88.110563550044
Cedarburg,1779,43.3140590642452,-88.1105630211301
Cedarburg,1780,43.3140919432989,-88.1106844584588
Cedarburg,1781,43.3140768481472,-88.1106839440468
Cedarburg,1782,43.3146452390722,-88.1104481237552
Cedarburg,1783,43.3129338822007,-88.103394979298
Cedarburg,1784,43.3058996325034,-88.1180758144197
Cedarburg,1785,43.3058151144743,-88.1180717092435
Cedarburg,1786,43.3049932097095,-88.1180494022324
Cedarburg,1787,43.3050773113266,-88.1180594897624
Cedarburg,1788,43.3032052103373,-88.0980245852644
Cedarburg,1789,43.3032935332525,-88.0980295299345
Cedarburg,1790,43.3031443213263,-88.1009619525668
Cedarburg,1791,43.3032360010495,-88.1010503008965
Cedarburg,1792,43.3066581273796,-88.0929918010996
Cedarburg,1793,43.3070953371464,-88.0928990510292
Cedarburg,1794,43.3071766050864,-88.0929026535583
Cedarburg,1795,43.3074992243029,-88.0929085507405
Cedarburg,1796,43.3074958464557,-88.0930065413509
Cedarburg,1797,43.3072723583113,-88.0917185325818
Cedarburg,1798,43.3072670378723,-88.0918323294944
Cedarburg,1799,43.3071331029532,-88.0910743594616
Cedarburg,1800,43.3071452145717,-88.0905012605763
Cedarburg,1801,43.3072280337986,-88.090504959225
Cedarburg,1802,43.3065675226153,-88.090572548567
Cedarburg,1803,43.3074600260254,-88.0900018018627
Cedarburg,1804,43.3074699323502,-88.0899873420637
Cedarburg,1805,43.3074001813038,-88.0899227652158
Cedarburg,1806,43.3074091300815,-88.0899105941777
Cedarburg,1807,43.3074945481639,-88.0896564760077
Cedarburg,1808,43.3074373684918,-88.0897398920642
Cedarburg,1809,43.3081284185208,-88.0891746023122
Cedarburg,1810,43.308186242229,-88.0890925170993
Cedarburg,1811,43.3087656580382,-88.0895707104778
Cedarburg,1812,43.3086809738687,-88.0895706581765
Cedarburg,1813,43.3088360015904,-88.0893758613774
Cedarburg,1814,43.308834673935,-88.0894912204533
Cedarburg,1815,43.308668274144,-88.0900742466667
Cedarburg,1816,43.3087437062067,-88.0901244875937
Cedarburg,1817,43.3089536542993,-88.1221623593362
Cedarburg,1818,43.3082072811023,-88.1221777843044
Cedarburg,1819,43.314744007242,-88.1214258469167
Cedarburg,1820,43.3144797778519,-88.1189916297603
Cedarburg,1821,43.3144077611102,-88.1189219988554
Cedarburg,1822,43.3065253110949,-88.0954450370286
Cedarburg,1823,43.2958014142057,-88.1131515569344
Cedarburg,1824,43.3148243570496,-88.1033180556269
Cedarburg,1825,43.3149337131114,-88.1033280986954
Cedarburg,1826,43.3008528305947,-88.0910440748816
Cedarburg,1827,43.3007395017232,-88.1010361628365
Cedarburg,1828,43.3006961598256,-88.1011516754318
Cedarburg,1829,43.2989321745665,-88.1076672764025
Cedarburg,1830,43.2988724829707,-88.1076410709727
Cedarburg,1831,43.2989315413304,-88.1077698906657
Cedarburg,1832,43.2987637635543,-88.1080381442863
Cedarburg,1833,43.2986864092584,-88.1080126375936
Cedarburg,1834,43.2985746630691,-88.108177906387
Cedarburg,1835,43.313677645166,-88.112773582651
Cedarburg,1836,43.3136757219508,-88.1128975488939
Cedarburg,1837,43.312614763096,-88.1134134439328
Cedarburg,1838,43.3158309165781,-88.1201376034108
Cedarburg,1839,43.3125944984666,-88.113468881015
